canonical_feature,efalls_definition,efalls_term,efalls_window,efalls_non_code_rule,mandatory,retained_in_published_model,meuhedet_source_column,record_date_column,same_day_evidence_column,mapping_status,mapping_quality,raw_dtype,canonical_dtype,model_dtype,missing_rule,transformation,lookback_window,allowed_values,include_in_baseline,phase2_candidate,notes
age_years,Decimal age at index date: (index_date - date_of_birth) / 365.25 (D-06),Age (years),at_index_date,,True,,Age_At_Index,,,AVAILABLE,HIGH_CONFIDENCE,int,continuous,float64,forbid,completed years at index copied as float (eFalls: decimal age; D-06),at_index,"""65-120""",True,,"integer completed years lose < 1 year of precision vs decimal age; Birth_Date_Suspect_Ind = 1 rows (default birth date, 10.5%) stay in the primary cohort and are reported; sensitivity excludes them"
sex,Recorded sex,Gender,at_index_date,,True,,Gender_Code,,,AVAILABLE,HIGH_CONFIDENCE,smallint,categorical,onehot_categorical,forbid,"1 -> male, 2 -> female; any other code fails the build; Gender_Desc consistency checked",at_index,"[1, 2]",True,,Q-M-05
polypharmacy_count_120d,"Number of unique BNF paragraphs ('sub-sub-chapters') with a drug prescribed in the 120 days before index, excluding non-drug chapters",ln((Polypharmacy+1)/10),lookback_days,,True,,Distinct_Active_Substance_Count,,,AVAILABLE,APPROXIMATE,int (nullable),count,"float64 (fractional polynomial, D-13)",absent_is_zero,"count copied; NULL with Medication_Missing_Ind = 1 -> 0 (eFalls: no prescription recorded = 0), counted; NULL otherwise fails",active exposure at index (Meuhedet) vs 120 days before index (eFalls),""">= 0""",True,,"unit differs: distinct active substances (ATC) vs distinct BNF paragraphs (D-03, M-04); Polypharmacy_5Plus_Ind is NOT used (eFalls models the continuous count); Q-M-07"
bmi_value,"Most recent valid body-mass index (kg/m2) within look-back, categorised",BMI category,lookback_years,,False,,,,,UNAVAILABLE,UNAVAILABLE,,float_nullable,,missing_category,,,,False,,no height/weight/BMI in the wide table (M-06); Malnutrition_Grade is a different construct
smoking_status,Most recent recorded smoking status,Smoking,complete_history,,False,,,,,UNAVAILABLE,UNAVAILABLE,,categorical_nullable,,reference_level,,,,False,,no lifestyle fields (M-07)
alcohol_category,Alcohol consumption category (highest-risk record within look-back),Alcohol consumption,lookback_years,,False,,,,,UNAVAILABLE,UNAVAILABLE,,categorical_nullable,,missing_category,,,,False,,no lifestyle fields (M-07)
abdominal_pain,Abdominal pain,Abdominal pain,"{""type"": ""lookback_years"", ""years"": 5}",,False,True,,,,UNAVAILABLE,UNAVAILABLE,,binary,,absent_is_zero,,,,False,,no condition-level source
activity_limitation,Activity limitation,Activity limitation,"{""type"": ""complete_history""}",code OR Barthel index <= 18,False,True,,,,UNAVAILABLE,UNAVAILABLE,,binary,,absent_is_zero,,,,False,ADL_Worst_Domain_Score; Transfer_Dependency_Score,nurse ADL scores only (no Barthel)
anaemia_and_haematinic_deficiency,Anaemia and haematinic deficiency,Anaemia and haematinic deficiency,"{""type"": ""complete_history""}","code OR Hb below sex-specific threshold (M < 13.0, F < 11.5 g/dL); resolved by a later normal Hb",False,True,,,,UNAVAILABLE,UNAVAILABLE,,binary,,absent_is_zero,,,,False,,no condition-level source; no Hb
anxiety,Anxiety,Anxiety,"{""type"": ""lookback_years"", ""years"": 5}",,False,False,,,,UNAVAILABLE,UNAVAILABLE,,binary,,absent_is_zero,,,,False,,no condition-level source
asthma,Asthma,Asthma,"{""type"": ""complete_history""}",,False,True,Registry_Asthma_Ind,,First_Registry_Date,AVAILABLE,HIGH_CONFIDENCE,int,binary,int8_binary,absent_is_zero,registry flag copied,registry active at index vs eFalls complete history (age >= 18 rule irrelevant at 65+),"[0, 1]",True,,
atrial_fibrillation,Atrial fibrillation,Atrial fibrillation,"{""type"": ""complete_history""}",,False,True,,,,UNAVAILABLE,UNAVAILABLE,,binary,,absent_is_zero,,,,False,Registry_Heart_Disease_Ind,Q-M-01
back_pain,Back pain,Back pain,"{""type"": ""complete_history""}",,False,True,,,,UNAVAILABLE,UNAVAILABLE,,binary,,absent_is_zero,,,,False,,no condition-level source
bone_disease,Bone disease,Bone disease,"{""type"": ""complete_history""}",,False,True,,,,UNAVAILABLE,UNAVAILABLE,,binary,,absent_is_zero,,,,False,,no condition-level source
cancer,Cancer,Cancer,"{""type"": ""complete_history""}",,False,True,,,,UNAVAILABLE,UNAVAILABLE,,binary,,absent_is_zero,,,,False,,no cancer registry in the wide table
chronic_kidney_disease,Chronic kidney disease,Chronic kidney disease,"{""type"": ""complete_history""}",code OR eGFR < 60 or abnormal ACR/protein result,False,False,Registry_Chronic_Renal_Failure_Ind,,First_Registry_Date,AVAILABLE,APPROXIMATE,int,binary,int8_binary,absent_is_zero,registry flag copied,registry active at index vs eFalls complete history,"[0, 1]",True,,"eFalls CKD = code OR eGFR < 60 / abnormal ACR; the measurement rule is not applied, so prevalence will be lower than SAIL (23.8%); Registry_Kidneys_Ind is not merged in (unknown scope)"
cognitive_impairment,Cognitive impairment,Cognitive impairment,"{""type"": ""complete_history""}",code OR 6CIT >= 8,False,True,,,,UNAVAILABLE,UNAVAILABLE,,binary,,absent_is_zero,,,,False,Cognitive_Impairment_Nurse_Ind; MiniCog_Score,nurse-assessed only; no population-wide code source
copd,COPD,COPD,"{""type"": ""complete_history""}",,False,True,Registry_COPD_Ind,,First_Registry_Date,AVAILABLE,HIGH_CONFIDENCE,int,binary,int8_binary,absent_is_zero,registry flag copied,registry active at index vs eFalls complete history,"[0, 1]",True,,
dementia,Dementia,Dementia,"{""type"": ""complete_history""}",,True,True,Registry_Dementia_Ind,,First_Registry_Date,AVAILABLE,HIGH_CONFIDENCE,int,binary,int8_binary,absent_is_zero,registry flag copied,registry active at index vs eFalls complete history,"[0, 1]",True,,dementia registry (diagnosis-based); MANDATORY predictor
depression,Depression,Depression,"{""type"": ""lookback_years"", ""years"": 5}",,False,True,,,,UNAVAILABLE,UNAVAILABLE,,binary,,absent_is_zero,,,,False,,no condition-level source (SMI registry is a different construct)
diabetes_mellitus,Diabetes mellitus,Diabetes mellitus,"{""type"": ""complete_history""}",,False,True,Registry_Diabetes_T1_Ind; Registry_Diabetes_T2_Ind,,First_Registry_Date,AVAILABLE,HIGH_CONFIDENCE,int,binary,int8_binary,absent_is_zero,1 if type-1 OR type-2 diabetes registry,registry active at index vs eFalls complete history,"[0, 1]",True,,eFalls diabetes mellitus = any diabetes
dizziness,Dizziness,Dizziness,"{""type"": ""complete_history""}",,False,True,,,,UNAVAILABLE,UNAVAILABLE,,binary,,absent_is_zero,,,,False,Instability_Dizziness_Ind,nurse-assessed only
dressing_and_grooming_problems,Dressing and grooming problems,Dressing and grooming problems,"{""type"": ""complete_history""}",,False,True,,,,UNAVAILABLE,UNAVAILABLE,,binary,,absent_is_zero,,,,False,ADL_Worst_Domain_Score,ADL domains are not exposed separately
dyspnoea,Dyspnoea,Dyspnoea,"{""type"": ""complete_history""}",,False,False,,,,UNAVAILABLE,UNAVAILABLE,,binary,,absent_is_zero,,,,False,,no condition-level source
environment_problems,Environment problems,Environment problems,"{""type"": ""complete_history""}",,False,False,,,,UNAVAILABLE,UNAVAILABLE,,binary,,absent_is_zero,,,,False,Unsafe_Environment_Ind; Home_Safety_Risk_Count,nurse-assessed only
faecal_incontinence,Faecal incontinence,Faecal incontinence,"{""type"": ""complete_history""}",,False,True,,,,UNAVAILABLE,UNAVAILABLE,,binary,,absent_is_zero,,,,False,,no condition-level source
falls,Falls,Falls,"{""type"": ""lookback_years"", ""years"": 5}",,True,True,Prior_Fall_Since_Study_Start_Ind,Last_Fall_Date,,AVAILABLE,APPROXIMATE,int,binary,int8_binary,absent_is_zero,1 if any fall/fracture event since 2022-01-01 else 0,since study start 2022-01-01 (3.0 years at index 2025-01-01) vs eFalls 5 years,"[0, 1]",True,,"MANDATORY predictor kept as APPROXIMATE: Meuhedet events are falls AND fractures (event list V1.0, Q-M-06), the window is shorter than 5 years and depends on the index date; Prior_Fall_Missing_Ind = 1 rows (no fall data at all) are counted"
fatigue,Fatigue,Fatigue,"{""type"": ""lookback_years"", ""years"": 5}",,False,True,,,,UNAVAILABLE,UNAVAILABLE,,binary,,absent_is_zero,,,,False,,no condition-level source
foot_problems,Foot problems,Foot problems,"{""type"": ""complete_history""}",,False,True,,,,UNAVAILABLE,UNAVAILABLE,,binary,,absent_is_zero,,,,False,,no condition-level source
fracture,Fracture,Fracture,"{""type"": ""complete_history""}",,True,True,,,,UNAVAILABLE,UNAVAILABLE,,binary,,absent_is_zero,,,,False,Prior_Fall_Count_365D,MANDATORY eFalls predictor: fractures are merged into the fall/fracture event counts and cannot be separated (Q-M-06)
fragility_fracture,Fragility fracture,Fragility fracture,"{""type"": ""complete_history""}",,True,True,,,,UNAVAILABLE,UNAVAILABLE,,binary,,absent_is_zero,,,,False,,MANDATORY eFalls predictor: no fracture-site/fragility information
general_mental_health,General mental health,General mental health,"{""type"": ""lookback_years"", ""years"": 5}",,False,True,,,,UNAVAILABLE,UNAVAILABLE,,binary,,absent_is_zero,,,,False,,no condition-level source
headache,Headache,Headache,"{""type"": ""lookback_years"", ""years"": 5}",,False,True,,,,UNAVAILABLE,UNAVAILABLE,,binary,,absent_is_zero,,,,False,,no condition-level source
hearing_impairment,Hearing impairment,Hearing impairment,"{""type"": ""complete_history""}",,False,True,,,,UNAVAILABLE,UNAVAILABLE,,binary,,absent_is_zero,,,,False,Hearing_Score; Missing_Sensory_Aids_Ind,nurse-assessed only
heart_failure,Heart failure,Heart failure,"{""type"": ""complete_history""}",,False,True,,,,UNAVAILABLE,UNAVAILABLE,,binary,,absent_is_zero,,,,False,Registry_Heart_Disease_Ind,Q-M-01
heart_valve_disease,Heart valve disease,Heart valve disease,"{""type"": ""complete_history""}",,False,False,,,,UNAVAILABLE,UNAVAILABLE,,binary,,absent_is_zero,,,,False,Registry_Heart_Disease_Ind,Q-M-01
housebound,Housebound,Housebound,"{""type"": ""complete_history""}",,False,True,Registry_Home_Confined_Ind,,First_Registry_Date,AVAILABLE,HIGH_CONFIDENCE,int,binary,int8_binary,absent_is_zero,registry flag copied,registry active at index vs eFalls complete history,"[0, 1]",True,,home-confined members registry
hypertension,Hypertension,Hypertension,"{""type"": ""complete_history""}",code OR >= 3 readings ever with SBP >= 140 or DBP >= 90 (systolic/diastolic not mixed),False,True,Registry_Blood_Pressure_Ind,,First_Registry_Date,AVAILABLE,HIGH_CONFIDENCE,int,binary,int8_binary,absent_is_zero,registry flag copied,registry active at index vs eFalls complete history,"[0, 1]",True,,hypertension registry; the eFalls >= 3 elevated readings rule is not applied; Q-M-04
hypotension_or_syncope,Hypotension or syncope,Hypotension or syncope,"{""type"": ""complete_history""}",code OR >= 3 readings ever with SBP < 90 or DBP < 60,False,True,,,,UNAVAILABLE,UNAVAILABLE,,binary,,absent_is_zero,,,,False,Orthostatic_Hypotension_Ind; Orthostatic_BP_Measured_Ind,nurse-assessed only; no BP readings
inflammatory_arthritis,Inflammatory arthritis,Inflammatory arthritis,"{""type"": ""complete_history""}",,False,True,,,,UNAVAILABLE,UNAVAILABLE,,binary,,absent_is_zero,,,,False,,no condition-level source
inflammatory_bowel_disease,Inflammatory bowel disease,Inflammatory bowel disease,"{""type"": ""complete_history""}",,False,True,,,,UNAVAILABLE,UNAVAILABLE,,binary,,absent_is_zero,,,,False,,no condition-level source
ischaemic_heart_disease,Ischaemic heart disease,Ischaemic heart disease,"{""type"": ""complete_history""}",,False,False,,,,UNAVAILABLE,UNAVAILABLE,,binary,,absent_is_zero,,,,False,Registry_Heart_Disease_Ind,Q-M-01: one heart-disease registry cannot be assigned to a single eFalls cardiac concept
liver_problems,Liver problems,Liver problems,"{""type"": ""complete_history""}",,False,True,Registry_Liver_Ind,,First_Registry_Date,AVAILABLE,HIGH_CONFIDENCE,int,binary,int8_binary,absent_is_zero,registry flag copied,registry active at index vs eFalls complete history,"[0, 1]",True,,liver-disease registry
meal_preparation_problems,Meal preparation problems,Meal preparation problems,"{""type"": ""complete_history""}",,False,True,,,,UNAVAILABLE,UNAVAILABLE,,binary,,absent_is_zero,,,,False,,no IADL source
medication_management,Medication management,Medication management,"{""type"": ""complete_history""}",,False,True,,,,UNAVAILABLE,UNAVAILABLE,,binary,,absent_is_zero,,,,False,On_Medications_Nurse_Ind; Prescription_Fill_Ratio_365D,no 'unable to manage medications' source (adherence ratio is a different construct)
memory_concerns,Memory concerns,Memory concerns,"{""type"": ""lookback_years"", ""years"": 5}",,False,True,,,,UNAVAILABLE,UNAVAILABLE,,binary,,absent_is_zero,,,,False,MiniCog_Score,no coded memory-concern source
mobility_problems,Mobility problems,Mobility problems,"{""type"": ""complete_history""}",,False,True,Gait_Disorder_Since_Study_Start_Ind,Last_Dx_Date,,AVAILABLE,APPROXIMATE,int,binary,int8_binary,absent_is_zero,diagnosis flag copied,since study start 2022-01-01 (3.0 years at index 2025-01-01) vs eFalls complete history,"[0, 1]",True,,single ICD-9 code 719.7 (difficulty in walking) vs the eFalls mobility/transfer code group; nurse Mobility_Score / Uses_Walking_Aid_Ind are Phase-2 candidates (assessment-conditional)
mono_or_hemiparesis,Mono or hemiparesis,Mono or hemiparesis,"{""type"": ""complete_history""}",,False,True,,,,UNAVAILABLE,UNAVAILABLE,,binary,,absent_is_zero,,,,False,,no condition-level source
motor_neurone_disease,Motor neurone disease,Motor neurone disease,"{""type"": ""complete_history""}",,False,True,,,,UNAVAILABLE,UNAVAILABLE,,binary,,absent_is_zero,,,,False,,no condition-level source
musculoskeletal_problems,Musculoskeletal problems,Musculoskeletal problems,"{""type"": ""lookback_years"", ""years"": 5}",,False,True,,,,UNAVAILABLE,UNAVAILABLE,,binary,,absent_is_zero,,,,False,,no condition-level source
osteoarthritis,Osteoarthritis,Osteoarthritis,"{""type"": ""complete_history""}",,False,True,,,,UNAVAILABLE,UNAVAILABLE,,binary,,absent_is_zero,,,,False,,no condition-level source
osteoporosis,Osteoporosis,Osteoporosis,"{""type"": ""complete_history""}",code OR DEXA T-score < -2.5,False,True,,,,UNAVAILABLE,UNAVAILABLE,,binary,,absent_is_zero,,,,False,,no condition-level source; no DEXA
palliative_care,Palliative care,Palliative care,"{""type"": ""complete_history""}",,False,True,,,,UNAVAILABLE,UNAVAILABLE,,binary,,absent_is_zero,,,,False,,no condition-level source
parkinsonism_and_tremor,Parkinsonism and tremor,Parkinsonism and tremor,"{""type"": ""complete_history""}",,False,True,,,,UNAVAILABLE,UNAVAILABLE,,binary,,absent_is_zero,,,,False,,no condition-level source
peptic_ulcer_disease,Peptic ulcer disease,Peptic ulcer disease,"{""type"": ""lookback_years"", ""years"": 5}",,False,True,,,,UNAVAILABLE,UNAVAILABLE,,binary,,absent_is_zero,,,,False,,no condition-level source
peripheral_neuropathy,Peripheral neuropathy,Peripheral neuropathy,"{""type"": ""complete_history""}",,False,True,,,,UNAVAILABLE,UNAVAILABLE,,binary,,absent_is_zero,,,,False,,no condition-level source
peripheral_vascular_disease,Peripheral vascular disease,Peripheral vascular disease,"{""type"": ""complete_history""}",code OR ABPI < 0.95,False,True,,,,UNAVAILABLE,UNAVAILABLE,,binary,,absent_is_zero,,,,False,,no condition-level source; no ABPI
problems_managing_finances,Problems managing finances,Problems managing finances,"{""type"": ""complete_history""}",,False,False,,,,UNAVAILABLE,UNAVAILABLE,,binary,,absent_is_zero,,,,False,,no IADL source
requirement_for_care,Requirement for care,Requirement for care,"{""type"": ""complete_history""}",,False,True,,,,UNAVAILABLE,UNAVAILABLE,,binary,,absent_is_zero,,,,False,Siudi_Status; No_Primary_Caregiver_Ind,Siudi_Status (nursing-care benefit) is a plausible population-wide source once its codes are known (Q-M-02); switch to APPROXIMATE after the audit
respiratory_disease,Respiratory disease,Respiratory disease,"{""type"": ""complete_history""}",,False,True,,,,UNAVAILABLE,UNAVAILABLE,,binary,,absent_is_zero,,,,False,,no condition-level source (asthma/COPD registries are the split concepts)
seizures,Seizures,Seizures,"{""type"": ""complete_history""}",,False,True,,,,UNAVAILABLE,UNAVAILABLE,,binary,,absent_is_zero,,,,False,,no condition-level source
self_harm,Self-harm,Self-harm,"{""type"": ""lookback_years"", ""years"": 5}",,False,True,Registry_Suicide_Attempt_Ind,,First_Registry_Date,AVAILABLE,APPROXIMATE,int,binary,int8_binary,absent_is_zero,registry flag copied,registry (lifetime) vs eFalls 5 years,"[0, 1]",True,,suicide attempts are a subset of self-harm; low support expected (SAIL 0.2%)
severe_mental_illness,Severe mental illness,Severe mental illness,"{""type"": ""complete_history""}",,False,True,Registry_SMI_Level,,First_Registry_Date,AVAILABLE,APPROXIMATE,int (nullable),binary,int8_binary,absent_is_zero,"1 if Registry_SMI_Level >= 1; NULL (not in registry) -> 0 explicitly, counted",registry active at index vs eFalls complete history,"[0, 1, 2, 3, 4]",True,,severity levels and inclusion criteria unconfirmed (Q-M-03)
shopping_problems,Shopping problems,Shopping problems,"{""type"": ""complete_history""}",,False,False,,,,UNAVAILABLE,UNAVAILABLE,,binary,,absent_is_zero,,,,False,,no IADL source
skin_ulcer,Skin ulcer,Skin ulcer,"{""type"": ""complete_history""}",,False,True,,,,UNAVAILABLE,UNAVAILABLE,,binary,,absent_is_zero,,,,False,,no condition-level source
sleep_problems,Sleep problems,Sleep problems,"{""type"": ""lookback_years"", ""years"": 5}",,False,True,,,,UNAVAILABLE,UNAVAILABLE,,binary,,absent_is_zero,,,,False,,no condition-level source
social_vulnerability,Social vulnerability,Social vulnerability,"{""type"": ""complete_history""}",,False,True,,,,UNAVAILABLE,UNAVAILABLE,,binary,,absent_is_zero,,,,False,No_Primary_Caregiver_Ind; Income_Support,"widowed/bereavement/loneliness codes not available; Income_Support is socio-economic, not the eFalls construct"
stress,Stress,Stress,"{""type"": ""lookback_years"", ""years"": 5}",,False,True,,,,UNAVAILABLE,UNAVAILABLE,,binary,,absent_is_zero,,,,False,,no condition-level source
stroke,Stroke,Stroke,"{""type"": ""complete_history""}",,False,True,,,,UNAVAILABLE,UNAVAILABLE,,binary,,absent_is_zero,,,,False,,no condition-level source
thyroid_problems,Thyroid problems,Thyroid problems,"{""type"": ""complete_history""}",code OR TSH < 0.36 or > 5.5 mU/L,False,True,,,,UNAVAILABLE,UNAVAILABLE,,binary,,absent_is_zero,,,,False,,no condition-level source; no TSH
toileting_problems,Toileting problems,Toileting problems,"{""type"": ""complete_history""}",,False,False,,,,UNAVAILABLE,UNAVAILABLE,,binary,,absent_is_zero,,,,False,ADL_Worst_Domain_Score,ADL domains are not exposed separately
transient_ischaemic_attack,Transient ischaemic attack,Transient ischaemic attack,"{""type"": ""complete_history""}",,False,False,,,,UNAVAILABLE,UNAVAILABLE,,binary,,absent_is_zero,,,,False,,no condition-level source
urinary_incontinence,Urinary incontinence,Urinary incontinence,"{""type"": ""complete_history""}",,False,True,,,,UNAVAILABLE,UNAVAILABLE,,binary,,absent_is_zero,,,,False,,no condition-level source
urinary_system_disease,Urinary system disease,Urinary system disease,"{""type"": ""complete_history""}",,False,True,,,,UNAVAILABLE,UNAVAILABLE,,binary,,absent_is_zero,,,,False,Registry_Kidneys_Ind,Registry_Kidneys_Ind covers only the renal part and would double count chronic_kidney_disease
visual_impairment,Visual impairment,Visual impairment,"{""type"": ""complete_history""}",,False,True,,,,UNAVAILABLE,UNAVAILABLE,,binary,,absent_is_zero,,,,False,Vision_Impairment_Nurse_Ind; Vision_Score; Missing_Sensory_Aids_Ind,nurse-assessed only
washing_and_bathing,Washing and bathing,Washing and bathing,"{""type"": ""complete_history""}",,False,True,,,,UNAVAILABLE,UNAVAILABLE,,binary,,absent_is_zero,,,,False,ADL_Worst_Domain_Score,ADL domains are not exposed separately
weakness,Weakness,Weakness,"{""type"": ""lookback_years"", ""years"": 5}",,False,True,,,,UNAVAILABLE,UNAVAILABLE,,binary,,absent_is_zero,,,,False,Muscle_Weakness_Ind,nurse-assessed only
weight_loss,Weight loss,Weight loss,"{""type"": ""complete_history""}",,False,True,,,,UNAVAILABLE,UNAVAILABLE,,binary,,absent_is_zero,,,,False,Malnutrition_Grade,Malnutrition_Grade is a related but different construct
