column,sql_type,ddl_nullable,role,semantic_type,model_dtype,timing,allowed_values,null_means,phase2_group,predictor_allowed,sentinels,sentinel_means,note
Customer_Full_ID,varchar(11),False,IDENTIFIER,identifier,never,na,,,,False,,,member id -> research_id (string); never a predictor; never printed by the audit
Index_Date,date,True,COHORT_ELIGIBILITY,date,never,at_index,,,,False,,,prediction point -> index_date; one snapshot selected per build (--index-date)
Snapshot_Key,varchar(20),True,IDENTIFIER,identifier,never,na,,,,False,,,technical row key; string; never a predictor
Customer_Id_Type_Prefix,varchar(1),True,QA_CONTROL,quality_control,never,na,,,,False,,,id-type digit (control)
Definition_Version,varchar(20),True,QA_CONTROL,quality_control,never,na,"[""V1.0""]",,,False,,,VIEW definition version; must be constant; recorded as provenance
Observed_History_Days,int,True,COHORT_ELIGIBILITY,count,never,at_index,,,,False,,,history depth available at index (eligibility support)
Has_Full_365D_Lookback,int,False,COHORT_ELIGIBILITY,binary,never,at_index,"[0, 1]",,,False,,,
Has_Full_30D_Label,int,False,COHORT_ELIGIBILITY,binary,never,post_index,"[0, 1]",,,False,,,label-window completeness (post-index knowledge)
Has_Full_180D_Label,int,False,COHORT_ELIGIBILITY,binary,never,post_index,"[0, 1]",,,False,,,label-window completeness (post-index knowledge)
Is_Eligible_Cohort,int,False,COHORT_ELIGIBILITY,binary,never,at_index,"[0, 1]",,,False,,,THE cohort filter (= 1); the only filter applied before training
Exclusion_Reason,varchar(38),True,COHORT_ELIGIBILITY,categorical,never,at_index,,eligible,,False,,,audit reports the distribution among excluded rows
Population_Record_From_Date,date,True,QA_CONTROL,date,never,at_index,,,,False,,,SCD validity start
Population_Record_To_Date,date,True,QA_CONTROL,date,never,unknown,,,,False,2999-12-31,open-ended SCD row (record still valid at extraction); PROPOSED from the first real extract (Q-M-08),SCD validity end; may be set after index; 2999-12-31 is kept as a date (never NULL); not used by the build
Population_Current_Ind,int,False,QA_CONTROL,quality_control,never,unknown,"[0, 1]",,,False,,,"exposed, not used (S2T)"
Population_Record_Count,int,True,QA_CONTROL,quality_control,never,na,,,,False,,,
Multiple_Valid_Population_Rows_Ind,int,False,QA_CONTROL,quality_control,never,na,"[0, 1]",,,False,,,SCD duplicate flag; audit reports count
Obs_Window_Start,date,True,COHORT_ELIGIBILITY,date,never,at_index,,,,False,,,
Label_End_30D,date,True,LABEL,date,never,at_index,,,,False,,,"end of the 30-day label window (defines the outcome window, not a feature)"
Label_End_180D,date,True,LABEL,date,never,at_index,,,,False,,,end of the 180-day label window; adapter checks Next_Fall_Date_180D <= Label_End_180D and the window length
Is_Active_For_Modeling,int,False,COHORT_ELIGIBILITY,binary,never,at_index,"[0, 1]",,,False,,,
Index_Date_Status,varchar(38),False,COHORT_ELIGIBILITY,categorical,never,at_index,,,,False,,,
Age_At_Index,int,True,EFALLS_BASELINE_FEATURE,continuous,float64,at_index,,invalid row (age is mandatory; build fails),,True,,,completed years at index -> age_years; Birth_Date_Suspect_Ind flags default birth dates (10.5%)
Age_Group,varchar(5),False,QA_CONTROL,categorical,never,at_index,,,,False,,,redundant banding of Age_At_Index; not a predictor (age enters continuously)
Birth_Date_Suspect_Ind,int,False,QA_CONTROL,quality_control,never,at_index,"[0, 1]",,,False,,,"1 = default birth date, age unreliable; kept in the primary cohort (only filter = Is_Eligible_Cohort), reported, sensitivity analysis excludes"
Gender_Code,smallint,True,EFALLS_BASELINE_FEATURE,categorical,onehot_categorical,at_index,"[1, 2]",invalid row (sex is mandatory; build fails),,True,,,"1 = male (example row: 1/זכר), 2 = female (to confirm via Gender_Desc cross-tab in the audit)"
Gender_Desc,varchar(7),True,QA_CONTROL,categorical,never,at_index,,,,False,,,label of Gender_Code; adapter verifies one description per code
Available_History_Days,int,True,COHORT_ELIGIBILITY,count,never,at_index,,,,False,,,membership days until index (eligibility support; HMO_Seniority_Months is the feature form)
Has_Minimum_History,int,False,COHORT_ELIGIBILITY,binary,never,at_index,"[0, 1]",,,False,,,
HMO_Seniority_Months,int,True,MEUHEDET_ENHANCED_FEATURE,count,float64,at_index,,unknown seniority (missing indicator),HEALTHCARE_UTILIZATION,True,,,
Followup_End_Date,date,True,COHORT_ELIGIBILITY,date,never,post_index,,follow-up open,,False,2999-12-31,"OPEN_FOLLOWUP_NO_KNOWN_END - follow-up still open at extraction, no end date known; the same business meaning as NULL in this column (null_means: follow-up open); PROPOSED from the first real extract (Q-M-09)","censoring support -> followup_end_date metadata; post-index, never a predictor. The raw/contract layer keeps 2999-12-31; the canonical followup_end_date is NULL for those rows, which is this column's declared value for an open follow-up, so no censoring or follow-up-duration calculation can read the sentinel as an end date in the year 2999. Every conversion is counted in the build report (sentinel_to_null) and warned about. Censoring of the label itself comes from Fall_Next_180D_Ind / Label_Reason_180D and Is_Censored_180D, never from this date."
Followup_End_Reason,varchar(10),False,COHORT_ELIGIBILITY,categorical,never,post_index,,,,False,,,censoring reason; post-index
Has_Full_Followup_30D,int,False,COHORT_ELIGIBILITY,binary,never,post_index,"[0, 1]",,,False,,,
Has_Full_Followup_180D,int,False,COHORT_ELIGIBILITY,binary,never,post_index,"[0, 1]",,,False,,,
Is_Censored_30D,int,False,COHORT_ELIGIBILITY,binary,never,post_index,"[0, 1]",,,False,,,
Is_Censored_180D,int,False,COHORT_ELIGIBILITY,binary,never,post_index,"[0, 1]",,,False,,,
Is_Deceased_Ind,int,False,COHORT_ELIGIBILITY,binary,never,post_index,"[0, 1]",,,False,,,death after index (censoring); eFalls keeps deaths as non-events (D-18)
Leave_Join_Ind,int,True,COHORT_ELIGIBILITY,categorical,never,post_index,,,,False,,,raw leave code (post-index membership change)
Death_Identification_Status,varchar(18),False,QA_CONTROL,quality_control,never,post_index,,,,False,,,
Death_Censor_Date,date,True,COHORT_ELIGIBILITY,date,never,post_index,,,,False,,,-> death_date metadata
Death_Date_Gap_Days,int,True,QA_CONTROL,quality_control,never,post_index,,,,False,,,
Abroad_Ind,bit,True,FORBIDDEN_LEAKAGE,binary,never,unknown,"[0, 1]",,,False,,,stay abroad; as-of timing not defined in the S2T -> forbidden until data engineering confirms it is pre-index
Prior_Fall_Count_30D,int,False,MEUHEDET_ENHANCED_FEATURE,count,float64,pre_index,,,PRIOR_FALLS_ENHANCED,True,,,falls AND fractures (Meuhedet event list V1.0)
Prior_Fall_Count_90D,int,False,MEUHEDET_ENHANCED_FEATURE,count,float64,pre_index,,,PRIOR_FALLS_ENHANCED,True,,,
Prior_Fall_Count_180D,int,False,MEUHEDET_ENHANCED_FEATURE,count,float64,pre_index,,,PRIOR_FALLS_ENHANCED,True,,,
Prior_Fall_Count_365D,int,False,MEUHEDET_ENHANCED_FEATURE,count,float64,pre_index,,,PRIOR_FALLS_ENHANCED,True,,,
Prior_Fall_Since_Study_Start_Ind,int,False,EFALLS_BASELINE_FEATURE,binary,int8_binary,pre_index,"[0, 1]",,,True,,,-> falls (APPROXIMATE): any fall/fracture event since 2022-01-01 (<= 3 years at 2025-01-01 vs eFalls 5 years)
Prior_Fall_Count_Since_Study_Start,int,True,MEUHEDET_ENHANCED_FEATURE,count,float64,pre_index,,no fall data (Prior_Fall_Missing_Ind),PRIOR_FALLS_ENHANCED,True,,,
Last_Fall_Date,date,True,MEUHEDET_ENHANCED_FEATURE,date,never,pre_index,,no prior fall,PRIOR_FALLS_ENHANCED,False,,,raw date never enters a model; Days_Since_Last_Fall is the derived feature; used for the D-00 timing check
Days_Since_Last_Fall,int,True,MEUHEDET_ENHANCED_FEATURE,continuous,float64,pre_index,,no prior fall (missing indicator + training-derived imputation),PRIOR_FALLS_ENHANCED,True,,,
Last_Fall_Confidence,varchar(6),True,QA_CONTROL,quality_control,never,pre_index,,,,False,,,date certainty of the last fall
Fall_On_Index_Date_Ind,int,False,FORBIDDEN_LEAKAGE,binary,never,at_index,"[0, 1]",,,False,,,an index-day event lies in the outcome window (D-00: index_date <= event); audit cross-tabulates it with the labels and prior counts
Prior_Fall_Missing_Ind,int,False,QA_CONTROL,quality_control,never,pre_index,"[0, 1]",,,False,,,"1 = no fall records at all (source absent) - distinct from 0 falls; counted by the adapter, eFalls absent_is_zero applied explicitly"
Diagnosis_Count_180D,int,False,MEUHEDET_ENHANCED_FEATURE,count,float64,pre_index,,,DIAGNOSIS_BURDEN,True,,,
Diagnosis_Count_365D,int,False,MEUHEDET_ENHANCED_FEATURE,count,float64,pre_index,,,DIAGNOSIS_BURDEN,True,,,
Distinct_Diagnosis_Codes_365D,int,False,MEUHEDET_ENHANCED_FEATURE,count,float64,pre_index,,,DIAGNOSIS_BURDEN,True,,,morbidity-burden proxy
Chronic_Diagnosis_Count_365D,int,False,MEUHEDET_ENHANCED_FEATURE,count,float64,pre_index,,,DIAGNOSIS_BURDEN,True,,,
Gait_Disorder_Since_Study_Start_Ind,int,False,EFALLS_BASELINE_FEATURE,binary,int8_binary,pre_index,"[0, 1]",,,True,,,-> mobility_problems (APPROXIMATE): ICD-9 719.7 difficulty in walking since 2022-01-01 (single code vs eFalls mobility/transfer code group)
Last_Dx_Date,date,True,MEUHEDET_ENHANCED_FEATURE,date,never,pre_index,,,DIAGNOSIS_BURDEN,False,,,D-00 timing check only
Days_Since_Last_Diagnosis,int,True,MEUHEDET_ENHANCED_FEATURE,continuous,float64,pre_index,,no diagnosis recorded,DIAGNOSIS_BURDEN,True,,,
Visit_Count_30D,int,False,MEUHEDET_ENHANCED_FEATURE,count,float64,pre_index,,,HEALTHCARE_UTILIZATION,True,,,
Visit_Count_90D,int,False,MEUHEDET_ENHANCED_FEATURE,count,float64,pre_index,,,HEALTHCARE_UTILIZATION,True,,,
Visit_Count_180D,int,False,MEUHEDET_ENHANCED_FEATURE,count,float64,pre_index,,,HEALTHCARE_UTILIZATION,True,,,
Visit_Count_365D,int,False,MEUHEDET_ENHANCED_FEATURE,count,float64,pre_index,,,HEALTHCARE_UTILIZATION,True,,,
Last_Visit_Date,date,True,MEUHEDET_ENHANCED_FEATURE,date,never,pre_index,,,HEALTHCARE_UTILIZATION,False,,,D-00 timing check only
Days_Since_Last_Visit,int,True,MEUHEDET_ENHANCED_FEATURE,continuous,float64,pre_index,,no visit recorded,HEALTHCARE_UTILIZATION,True,,,
Rx_Written_365D,int,True,MEUHEDET_ENHANCED_FEATURE,count,float64,pre_index,,no medication data,HEALTHCARE_UTILIZATION,True,,,
Rx_Purchased_365D,int,True,MEUHEDET_ENHANCED_FEATURE,count,float64,pre_index,,no medication data,HEALTHCARE_UTILIZATION,True,,,
Prescription_Fill_Ratio_365D,"decimal(21,15)",True,MEUHEDET_ENHANCED_FEATURE,continuous,float64,pre_index,,no prescriptions written (ratio undefined),HEALTHCARE_UTILIZATION,True,,,
Lab_Referred_365D,int,True,MEUHEDET_ENHANCED_FEATURE,count,float64,pre_index,,,HEALTHCARE_UTILIZATION,True,,,
Lab_Performed_365D,int,True,MEUHEDET_ENHANCED_FEATURE,count,float64,pre_index,,,HEALTHCARE_UTILIZATION,True,,,
Lab_Performed_Ratio_365D,"decimal(21,15)",True,MEUHEDET_ENHANCED_FEATURE,continuous,float64,pre_index,,no referrals (ratio undefined),HEALTHCARE_UTILIZATION,True,,,
Unsettled_Visit_Counter_Ind,int,False,QA_CONTROL,quality_control,never,at_index,"[0, 1]",,,False,,,3-day settlement trap (train/serve skew diagnostic)
Falls_Risk_Assessment_Score,int,True,MEUHEDET_ENHANCED_FEATURE,ordinal,ordinal_float64,pre_index,"[1, 2, 3]",not assessed (missing category),NURSE_FALL_ASSESSMENT,True,,,
Falls_Risk_Assessment_Date,date,True,MEUHEDET_ENHANCED_FEATURE,date,never,pre_index,,,NURSE_FALL_ASSESSMENT,False,,,D-00 timing check only
Fall_Self_Report_Value,int,True,MEUHEDET_ENHANCED_FEATURE,categorical,onehot_categorical,pre_index,,not asked,NURSE_FALL_ASSESSMENT,True,,,code semantics to confirm (audit distribution)
Fall_Self_Report_Date,date,True,MEUHEDET_ENHANCED_FEATURE,date,never,pre_index,,,NURSE_FALL_ASSESSMENT,False,,,
Fall_Count_Self_Reported,"decimal(18,4)",True,QA_CONTROL,quality_control,never,pre_index,,,,False,,,empty in all rows (S2T); audit verifies
Fall_Required_Treatment_Ind,int,True,MEUHEDET_ENHANCED_FEATURE,binary,int8_binary,pre_index,"[0, 1]",not assessed (missing indicator),NURSE_FALL_ASSESSMENT,True,,,
Instability_Dizziness_Ind,int,True,MEUHEDET_ENHANCED_FEATURE,binary,int8_binary,pre_index,"[0, 1]",not assessed,NURSE_FALL_ASSESSMENT,True,,,"eFalls dizziness candidate for Phase 2 only (assessment-conditional, not absent_is_zero)"
Fear_Of_Falling_Ind,int,True,MEUHEDET_ENHANCED_FEATURE,binary,int8_binary,pre_index,"[0, 1]",not assessed,NURSE_FALL_ASSESSMENT,True,,,
Confined_To_Chair_Bed_Ind,int,True,MEUHEDET_ENHANCED_FEATURE,binary,int8_binary,pre_index,"[0, 1]",not assessed,NURSE_FALL_ASSESSMENT,True,,,
Balance_Disorder_Ind,int,True,MEUHEDET_ENHANCED_FEATURE,binary,int8_binary,pre_index,"[0, 1]",not assessed,NURSE_FALL_ASSESSMENT,True,,,
Shuffling_Gait_Ind,int,True,MEUHEDET_ENHANCED_FEATURE,binary,int8_binary,pre_index,"[0, 1]",not assessed,NURSE_FALL_ASSESSMENT,True,,,
Hesitant_Gait_Ind,int,True,MEUHEDET_ENHANCED_FEATURE,binary,int8_binary,pre_index,"[0, 1]",not assessed,NURSE_FALL_ASSESSMENT,True,,,
Uses_Walking_Aid_Ind,int,True,MEUHEDET_ENHANCED_FEATURE,binary,int8_binary,pre_index,"[0, 1]",not assessed,NURSE_FALL_ASSESSMENT,True,,,
Prior_Falls_Nurse_Ind,int,True,MEUHEDET_ENHANCED_FEATURE,binary,int8_binary,pre_index,"[0, 1]",not assessed,NURSE_FALL_ASSESSMENT,True,,,
Muscle_Weakness_Ind,int,True,MEUHEDET_ENHANCED_FEATURE,binary,int8_binary,pre_index,"[0, 1]",not assessed,NURSE_FALL_ASSESSMENT,True,,,eFalls weakness candidate for Phase 2 only
Cognitive_Impairment_Nurse_Ind,int,True,MEUHEDET_ENHANCED_FEATURE,binary,int8_binary,pre_index,"[0, 1]",not assessed,COGNITION,True,,,eFalls cognitive_impairment candidate for Phase 2 only
On_Medications_Nurse_Ind,int,True,MEUHEDET_ENHANCED_FEATURE,binary,int8_binary,pre_index,"[0, 1]",not assessed,NURSE_FALL_ASSESSMENT,True,,,
Unsafe_Environment_Ind,int,True,MEUHEDET_ENHANCED_FEATURE,binary,int8_binary,pre_index,"[0, 1]",not assessed,HOME_SAFETY,True,,,eFalls environment_problems candidate for Phase 2 only
Unsuitable_Footwear_Ind,int,True,MEUHEDET_ENHANCED_FEATURE,binary,int8_binary,pre_index,"[0, 1]",not assessed,HOME_SAFETY,True,,,
Missing_Sensory_Aids_Ind,int,True,MEUHEDET_ENHANCED_FEATURE,binary,int8_binary,pre_index,"[0, 1]",not assessed,NURSE_FALL_ASSESSMENT,True,,,
Unsuitable_Bed_Chair_Height_Ind,int,True,MEUHEDET_ENHANCED_FEATURE,binary,int8_binary,pre_index,"[0, 1]",not assessed,HOME_SAFETY,True,,,
Vision_Impairment_Nurse_Ind,int,True,MEUHEDET_ENHANCED_FEATURE,binary,int8_binary,pre_index,"[0, 1]",not assessed,NURSE_FALL_ASSESSMENT,True,,,eFalls visual_impairment candidate for Phase 2 only
Orthostatic_Hypotension_Ind,int,True,MEUHEDET_ENHANCED_FEATURE,binary,int8_binary,pre_index,"[0, 1]",not assessed,NURSE_FALL_ASSESSMENT,True,,,eFalls hypotension_or_syncope candidate for Phase 2 only
Polypharmacy_Nurse_Ind,int,True,MEUHEDET_ENHANCED_FEATURE,binary,int8_binary,pre_index,"[0, 1]",not assessed,NURSE_FALL_ASSESSMENT,True,,,
No_Primary_Caregiver_Ind,int,True,MEUHEDET_ENHANCED_FEATURE,binary,int8_binary,pre_index,"[0, 1]",not assessed,NURSE_FALL_ASSESSMENT,True,,,eFalls social_vulnerability/requirement_for_care candidate for Phase 2 only
Get_Up_And_Go_Date,date,True,MEUHEDET_ENHANCED_FEATURE,date,never,pre_index,,,NURSE_FALL_ASSESSMENT,False,,,D-00 timing check only
ADL_Worst_Domain_Score,int,True,MEUHEDET_ENHANCED_FEATURE,ordinal,ordinal_float64,pre_index,"[0, 1, 2, 3, 4]",not assessed (missing category),MOBILITY_ADL,True,,,0 independent .. 4 hoist; eFalls ADL candidates (dressing/washing/toileting) Phase 2 only
ADL_Domains_Assessed,int,True,QA_CONTROL,quality_control,never,pre_index,,,,False,,,how many ADL domains were measured (assessment completeness)
Transfer_Dependency_Score,int,True,MEUHEDET_ENHANCED_FEATURE,ordinal,ordinal_float64,pre_index,"[0, 1, 2, 3, 4]",not assessed (missing category),MOBILITY_ADL,True,,,
Mobility_Score,int,True,MEUHEDET_ENHANCED_FEATURE,ordinal,ordinal_float64,pre_index,"[0, 1, 2, 3]",not assessed (missing category),MOBILITY_ADL,True,,,0 walks alone .. 3 confined
Vision_Score,int,True,MEUHEDET_ENHANCED_FEATURE,ordinal,ordinal_float64,pre_index,"[0, 1, 2]",not assessed (missing category),MOBILITY_ADL,True,,,"0 normal, 1 limited, 2 blindness"
Hearing_Score,int,True,MEUHEDET_ENHANCED_FEATURE,ordinal,ordinal_float64,pre_index,"[0, 1, 2]",not assessed (missing category),MOBILITY_ADL,True,,,eFalls hearing_impairment candidate for Phase 2 only
Mobility_Assessment_Date,date,True,MEUHEDET_ENHANCED_FEATURE,date,never,pre_index,,,MOBILITY_ADL,False,,,D-00 timing check only
MMSE_Score,"decimal(18,4)",True,QA_CONTROL,quality_control,never,pre_index,,,,False,,,empty in all rows (S2T); audit verifies; would be COGNITION
MMSE_Date,date,True,QA_CONTROL,date,never,pre_index,,,,False,,,
MiniCog_Score,"decimal(18,4)",True,MEUHEDET_ENHANCED_FEATURE,ordinal,ordinal_float64,pre_index,"[0, 1, 2, 3, 4, 5]",not assessed (missing category),COGNITION,True,,,
MiniCog_Date,date,True,MEUHEDET_ENHANCED_FEATURE,date,never,pre_index,,,COGNITION,False,,,D-00 timing check only
Fall_Location_At_Home_Ind,int,True,MEUHEDET_ENHANCED_FEATURE,binary,int8_binary,pre_index,"[0, 1]",not asked / no fall,HOME_SAFETY,True,,,
Fall_Count_Home_Safety,"decimal(18,4)",True,QA_CONTROL,quality_control,never,pre_index,,,,False,,,empty in all rows (S2T); audit verifies
Orthostatic_BP_Measured_Ind,int,True,MEUHEDET_ENHANCED_FEATURE,binary,int8_binary,pre_index,"[0, 1]",not assessed,HOME_SAFETY,True,,,
Slow_Rising_Ind,int,True,MEUHEDET_ENHANCED_FEATURE,binary,int8_binary,pre_index,"[0, 1]",not assessed,HOME_SAFETY,True,,,
Vitamin_D_Ind,int,True,MEUHEDET_ENHANCED_FEATURE,binary,int8_binary,pre_index,"[0, 1]",not assessed,HOME_SAFETY,True,,,
Home_Safety_Risk_Count,int,True,MEUHEDET_ENHANCED_FEATURE,count,float64,pre_index,,not assessed (missing indicator),HOME_SAFETY,True,,,
Home_Safety_Questions_Answered,int,True,QA_CONTROL,quality_control,never,pre_index,,,,False,,,questionnaire completeness
Home_Safety_Assessment_Date,date,True,MEUHEDET_ENHANCED_FEATURE,date,never,pre_index,,,HOME_SAFETY,False,,,D-00 timing check only
Unmapped_Answer_Count,int,True,QA_CONTROL,quality_control,never,pre_index,,,,False,,,
Assessment_Count_365D,int,True,MEUHEDET_ENHANCED_FEATURE,count,float64,pre_index,,no assessment source data,NURSE_FALL_ASSESSMENT,True,,,
Last_Assessment_Date,date,True,MEUHEDET_ENHANCED_FEATURE,date,never,pre_index,,,NURSE_FALL_ASSESSMENT,False,,,D-00 timing check only
Days_Since_Last_Assessment,int,True,MEUHEDET_ENHANCED_FEATURE,continuous,float64,pre_index,,never assessed,NURSE_FALL_ASSESSMENT,True,,,
Distinct_Assessment_Dates_365D,int,True,MEUHEDET_ENHANCED_FEATURE,count,float64,pre_index,,,NURSE_FALL_ASSESSMENT,True,,,
Has_Repeat_Assessment_Ind,int,True,MEUHEDET_ENHANCED_FEATURE,binary,int8_binary,pre_index,"[0, 1]",,NURSE_FALL_ASSESSMENT,True,,,
Assessment_Not_Performed_Ind,int,False,MEUHEDET_ENHANCED_FEATURE,binary,int8_binary,pre_index,"[0, 1]",,NURSE_FALL_ASSESSMENT,True,,,explicit not-assessed indicator (clinical process information; the missing indicator of the nurse block)
Distinct_Active_Substance_Count,int,True,EFALLS_BASELINE_FEATURE,count,float64,pre_index,,no medication data (Medication_Missing_Ind = 1) -> eFalls absent_is_zero applied explicitly and counted,,True,,,-> polypharmacy_count_120d (APPROXIMATE): distinct active substances in active exposure vs eFalls distinct BNF paragraphs prescribed in 120 days (D-03)
Polypharmacy_5Plus_Ind,int,True,MEUHEDET_ENHANCED_FEATURE,binary,int8_binary,pre_index,"[0, 1]",no medication data,MEDICATION_ENHANCED,True,,,not used for eFalls: the published model uses the continuous count
Polypharmacy_10Plus_Ind,int,True,MEUHEDET_ENHANCED_FEATURE,binary,int8_binary,pre_index,"[0, 1]",no medication data,MEDICATION_ENHANCED,True,,,
Narcotic_Drug_Count,int,True,MEUHEDET_ENHANCED_FEATURE,count,float64,pre_index,,no medication data,MEDICATION_ENHANCED,True,,,
Prescribed_Not_Collected_365D,int,True,MEUHEDET_ENHANCED_FEATURE,count,float64,pre_index,,no medication data,MEDICATION_ENHANCED,True,,,
Credited_Prescriptions_365D,int,True,QA_CONTROL,quality_control,never,pre_index,,,,False,,,
Approx_Matched_365D,int,True,QA_CONTROL,quality_control,never,pre_index,,,,False,,,approximate ATC matching count (data quality)
Bought_Outside_Meuhedet_365D,int,True,MEUHEDET_ENHANCED_FEATURE,count,float64,pre_index,,no medication data,MEDICATION_ENHANCED,True,,,
Atc_Unmatched_365D,int,True,QA_CONTROL,quality_control,never,pre_index,,,,False,,,
Future_Dated_365D,int,True,QA_CONTROL,quality_control,never,pre_index,,,,False,,,future-dated prescriptions (data-quality count)
Fallback_Exposure_365D,int,True,QA_CONTROL,quality_control,never,pre_index,,,,False,,,assumed exposure windows (data quality)
Total_DDD_Amount,"decimal(38,4)",True,MEUHEDET_ENHANCED_FEATURE,continuous,float64,pre_index,,no medication data,MEDICATION_ENHANCED,True,,,
Medication_Missing_Ind,int,False,QA_CONTROL,quality_control,never,pre_index,"[0, 1]",,,False,,,1 = no medication data; governs the explicit NULL -> 0 rule of polypharmacy_count_120d
External_Care_Count_30D,int,False,FORBIDDEN_LEAKAGE,count,never,unknown,,,,False,,,counts records billed after the index date (S2T: hidden-by-billing-lag exists only for 365D); use the _Visible variant
External_Care_Count_90D,int,False,FORBIDDEN_LEAKAGE,count,never,unknown,,,,False,,,as External_Care_Count_30D
External_Care_Count_180D,int,False,FORBIDDEN_LEAKAGE,count,never,unknown,,,,False,,,as External_Care_Count_30D
External_Care_Count_365D,int,False,FORBIDDEN_LEAKAGE,count,never,unknown,,,,False,,,= Visible + Hidden_By_Billing_Lag: includes records unknown at index (retrospective)
External_Care_Count_365D_Visible,int,False,MEUHEDET_ENHANCED_FEATURE,count,float64,at_index,,,HEALTHCARE_UTILIZATION,True,,,external-care records already billed at index (as-of correct)
External_Care_Hidden_By_Billing_Lag_365D,int,False,QA_CONTROL,quality_control,never,post_index,,,,False,,,train/serve skew diagnostic (S2T); never a predictor
Max_Invoice_Lag_365D,int,True,QA_CONTROL,quality_control,never,post_index,,,,False,,,billing lag in days; its upper quantiles set validation.outcome_lag_days
Last_Ext_Date,datetime,True,FORBIDDEN_LEAKAGE,date,never,unknown,,,,False,,,may be a record billed after index
Days_Since_Last_External_Care,int,True,FORBIDDEN_LEAKAGE,continuous,never,unknown,,,,False,,,derived from Last_Ext_Date (may include hidden records)
Hospitalization_Count_180D,int,False,MEUHEDET_ENHANCED_FEATURE,count,float64,unknown,,,HEALTHCARE_UTILIZATION,False,,,invoice-based; no as-of (visible) variant -> blocked until data engineering confirms as-of semantics
Hospitalization_Count_365D,int,False,MEUHEDET_ENHANCED_FEATURE,count,float64,unknown,,,HEALTHCARE_UTILIZATION,False,,,as Hospitalization_Count_180D
Total_Hosp_Days_365D,int,True,MEUHEDET_ENHANCED_FEATURE,count,float64,unknown,,,HEALTHCARE_UTILIZATION,False,,,as Hospitalization_Count_180D
Last_Hosp_Length,int,True,MEUHEDET_ENHANCED_FEATURE,count,float64,unknown,,no hospitalisation,HEALTHCARE_UTILIZATION,False,,,
Last_Hosp_Date,datetime,True,MEUHEDET_ENHANCED_FEATURE,date,never,unknown,,,HEALTHCARE_UTILIZATION,False,,,D-00 timing check
Days_Since_Last_Hospitalization,int,True,MEUHEDET_ENHANCED_FEATURE,continuous,float64,unknown,,no hospitalisation,HEALTHCARE_UTILIZATION,False,,,
Invoice_Src_Rows_365D,int,True,QA_CONTROL,quality_control,never,na,,,,False,,,
External_Care_Missing_Ind,int,False,QA_CONTROL,quality_control,never,pre_index,"[0, 1]",,,False,,,1 = no external-care data (source absent)
Active_Registry_Count,int,False,MEUHEDET_ENHANCED_FEATURE,count,float64,at_index,,,REGISTRY_ENHANCED,True,,,
Distinct_Registry_Type_Count,int,False,MEUHEDET_ENHANCED_FEATURE,count,float64,at_index,,,REGISTRY_ENHANCED,True,,,
Registry_Dementia_Ind,int,False,EFALLS_BASELINE_FEATURE,binary,int8_binary,at_index,"[0, 1]",,,True,,,-> dementia (HIGH_CONFIDENCE): dementia registry active at index
Registry_Home_Confined_Ind,int,False,EFALLS_BASELINE_FEATURE,binary,int8_binary,at_index,"[0, 1]",,,True,,,-> housebound (HIGH_CONFIDENCE): home-confined registry
Registry_SMI_Level,int,True,EFALLS_BASELINE_FEATURE,ordinal,int8_binary,at_index,"[0, 1, 2, 3, 4]",not in the SMI registry -> 0 (explicit absent_is_zero),,True,,,-> severe_mental_illness (APPROXIMATE): level >= 1; 4 severity levels whose inclusion criteria are unconfirmed (Q-M-03)
Registry_Suicide_Attempt_Ind,int,False,EFALLS_BASELINE_FEATURE,binary,int8_binary,at_index,"[0, 1]",,,True,,,-> self_harm (APPROXIMATE): suicide-attempt registry (subset of self-harm; registry lifetime vs eFalls 5 years)
Registry_Heart_Disease_Ind,int,False,MEUHEDET_ENHANCED_FEATURE,binary,int8_binary,at_index,"[0, 1]",,REGISTRY_ENHANCED,True,,,cannot be assigned to ONE eFalls cardiac concept (heart_failure / ischaemic_heart_disease / heart_valve_disease / atrial_fibrillation) without the registry definition (Q-M-01)
Registry_Diabetes_T1_Ind,int,False,EFALLS_BASELINE_FEATURE,binary,int8_binary,at_index,"[0, 1]",,,True,,,-> diabetes_mellitus (OR with T2)
Registry_Diabetes_T2_Ind,int,False,EFALLS_BASELINE_FEATURE,binary,int8_binary,at_index,"[0, 1]",,,True,,,-> diabetes_mellitus (OR with T1)
Registry_Chronic_Renal_Failure_Ind,int,False,EFALLS_BASELINE_FEATURE,binary,int8_binary,at_index,"[0, 1]",,,True,,,-> chronic_kidney_disease (APPROXIMATE): registry without the eFalls eGFR/ACR measurement rule
Registry_Kidneys_Ind,int,False,MEUHEDET_ENHANCED_FEATURE,binary,int8_binary,at_index,"[0, 1]",,REGISTRY_ENHANCED,True,,,kidney-disease registry; NOT mapped to urinary_system_disease (renal signal already used by chronic_kidney_disease; double counting)
Registry_Liver_Ind,int,False,EFALLS_BASELINE_FEATURE,binary,int8_binary,at_index,"[0, 1]",,,True,,,-> liver_problems (HIGH_CONFIDENCE)
Registry_COPD_Ind,int,False,EFALLS_BASELINE_FEATURE,binary,int8_binary,at_index,"[0, 1]",,,True,,,-> copd (HIGH_CONFIDENCE)
Registry_Asthma_Ind,int,False,EFALLS_BASELINE_FEATURE,binary,int8_binary,at_index,"[0, 1]",,,True,,,-> asthma (HIGH_CONFIDENCE)
Registry_Blood_Pressure_Ind,int,False,EFALLS_BASELINE_FEATURE,binary,int8_binary,at_index,"[0, 1]",,,True,,,"-> hypertension (HIGH_CONFIDENCE): hypertension registry, without the eFalls 3-readings rule (Q-M-04: confirm it is the hypertension registry)"
Registry_Transplant_Ind,int,False,MEUHEDET_ENHANCED_FEATURE,binary,int8_binary,at_index,"[0, 1]",,REGISTRY_ENHANCED,True,,,
Registry_Stoma_Ind,int,False,MEUHEDET_ENHANCED_FEATURE,binary,int8_binary,at_index,"[0, 1]",,REGISTRY_ENHANCED,True,,,
Longest_Registry_Duration_Days,int,True,MEUHEDET_ENHANCED_FEATURE,continuous,float64,at_index,,no registry,REGISTRY_ENHANCED,True,,,
Registry_Distinct_Status_Values,int,True,QA_CONTROL,quality_control,never,na,,,,False,,,meaning unknown (S2T)
Days_Since_First_Registry,int,True,MEUHEDET_ENHANCED_FEATURE,continuous,float64,at_index,,no registry,REGISTRY_ENHANCED,True,,,
Registry_Unknown_Dictionary_Count,int,False,QA_CONTROL,quality_control,never,na,,,,False,,,
New_Registry_30D,int,False,FORBIDDEN_LEAKAGE,count,never,unknown,,,,False,,,"S2T: unreliable, do not feed to the model"
New_Registry_90D,int,False,FORBIDDEN_LEAKAGE,count,never,unknown,,,,False,,,"S2T: unreliable, do not feed to the model"
First_Registry_Date,date,True,MEUHEDET_ENHANCED_FEATURE,date,never,at_index,,,REGISTRY_ENHANCED,False,,,D-00 timing check only
Registry_Missing_Ind,int,False,QA_CONTROL,quality_control,never,at_index,"[0, 1]",,,False,,,1 = no registry data (source absent); registry flags are 0 by construction -> counted by the adapter
MEFI_Group_At_Index,int,True,MEUHEDET_ENHANCED_FEATURE,ordinal,ordinal_float64,at_index,"[1, 2, 3, 4]",not assessed (missing category),MEFI_FRAILTY,True,,,"1 low .. 4 high; Meuhedet-specific frailty construct, not eFI (M-15)"
MEFI_Group_Desc,varchar(10),True,QA_CONTROL,categorical,never,at_index,,,,False,,,label of MEFI_Group_At_Index
MEFI_From_Date,date,True,MEUHEDET_ENHANCED_FEATURE,date,never,at_index,,,MEFI_FRAILTY,False,,,D-00 timing check only
MEFI_Assessed_Ind,int,False,MEUHEDET_ENHANCED_FEATURE,binary,int8_binary,at_index,"[0, 1]",,MEFI_FRAILTY,True,,,
Days_In_Current_MEFI_Group,int,True,MEUHEDET_ENHANCED_FEATURE,continuous,float64,at_index,,not assessed,MEFI_FRAILTY,True,,,
Days_Since_MEFI_Assessment,int,True,MEUHEDET_ENHANCED_FEATURE,continuous,float64,at_index,,not assessed,MEFI_FRAILTY,True,,,
MEFI_Assessment_Count,int,False,MEUHEDET_ENHANCED_FEATURE,count,float64,at_index,,,MEFI_FRAILTY,True,,,
MEFI_Ever_Assessed_Ind,int,False,MEUHEDET_ENHANCED_FEATURE,binary,int8_binary,at_index,"[0, 1]",,MEFI_FRAILTY,True,,,
MEFI_Prev_Group,int,True,MEUHEDET_ENHANCED_FEATURE,ordinal,ordinal_float64,at_index,"[1, 2, 3, 4]",no previous assessment,MEFI_FRAILTY,True,,,
MEFI_Worsened_Ind,int,True,MEUHEDET_ENHANCED_FEATURE,binary,int8_binary,at_index,"[0, 1]",no previous assessment,MEFI_FRAILTY,True,,,
Frailty_Not_Assessed_Ind,int,False,MEUHEDET_ENHANCED_FEATURE,binary,int8_binary,at_index,"[0, 1]",,MEFI_FRAILTY,True,,,explicit not-assessed indicator (not 'not frail')
CCI_Group,int,True,MEUHEDET_ENHANCED_FEATURE,ordinal,ordinal_float64,at_index,,not computed,COMORBIDITY_SOCIAL,True,,,"Charlson group; composite, not eFalls"
Malnutrition_Grade,int,True,MEUHEDET_ENHANCED_FEATURE,ordinal,ordinal_float64,at_index,,not graded,COMORBIDITY_SOCIAL,True,,,code semantics to confirm (audit distribution)
Siudi_Status,int,True,MEUHEDET_ENHANCED_FEATURE,categorical,onehot_categorical,at_index,,no nursing-care status,COMORBIDITY_SOCIAL,True,,,nursing-care (siudi) benefit status; eFalls requirement_for_care candidate once code semantics are confirmed (Q-M-02)
Customer_Risk_Code,int,True,MEUHEDET_ENHANCED_FEATURE,categorical,onehot_categorical,at_index,,no risk code,COMORBIDITY_SOCIAL,True,,,code semantics to confirm
Income_Support,tinyint,True,MEUHEDET_ENHANCED_FEATURE,binary,int8_binary,at_index,"[0, 1]",unknown,COMORBIDITY_SOCIAL,True,,,"income-support benefit; socio-economic, not the eFalls social_vulnerability construct"
Audit_Only_Adif_Status,int,True,FORBIDDEN_LEAKAGE,categorical,never,na,,,,False,,,S2T: fairness audit only - never a predictor
Audit_Only_Si_Status,int,True,FORBIDDEN_LEAKAGE,categorical,never,na,,,,False,,,S2T: fairness audit only - never a predictor
Has_Source_Visits_Ind,int,False,QA_CONTROL,quality_control,never,na,"[0, 1]",,,False,,,
Has_Source_Diagnosis_Ind,int,False,QA_CONTROL,quality_control,never,na,"[0, 1]",,,False,,,
Has_Source_Assessment_Ind,int,False,QA_CONTROL,quality_control,never,na,"[0, 1]",,,False,,,
Has_Source_Medication_Ind,int,False,QA_CONTROL,quality_control,never,na,"[0, 1]",,,False,,,
Has_Source_External_Care_Ind,int,False,QA_CONTROL,quality_control,never,na,"[0, 1]",,,False,,,
Has_Source_Registry_Ind,int,False,QA_CONTROL,quality_control,never,na,"[0, 1]",,,False,,,
Has_Source_Frailty_Ind,int,False,QA_CONTROL,quality_control,never,na,"[0, 1]",,,False,,,
Distinct_Sources_With_Data,int,True,QA_CONTROL,quality_control,never,na,,,,False,,,
Snapshot_Confidence,varchar(6),False,QA_CONTROL,categorical,never,na,"[""HIGH"", ""MEDIUM"", ""LOW""]",,,False,,,row confidence; audit reports the distribution; never a predictor
Leakage_Check_Ind,int,False,QA_CONTROL,quality_control,never,na,[0],,,False,,,any 1 is a VIEW bug: the build fails
Fall_Next_30D_Ind,int,True,LABEL,label,never,post_index,"[0, 1]",censored,,False,,,
Next_Fall_Date_30D,date,True,LABEL,date,never,post_index,,,,False,,,
Days_To_Next_Fall_30D,int,True,LABEL,label,never,post_index,,,,False,,,
Next_Fall_Event_ID_30D,varchar(50),True,LABEL,identifier,never,post_index,,,,False,,,event id (traceback); never printed by the audit
Next_Fall_Confidence_30D,varchar(6),True,LABEL,label,never,post_index,,,,False,,,
Label_Reason_30D,varchar(25),False,LABEL,label,never,post_index,,,,False,,,
Fall_Next_180D_Ind,int,True,LABEL,label,never,post_index,"[0, 1]",censored,,False,,,-> fall_next_180d (Meuhedet 180-day exploratory outcome; NOT the eFalls 12-month ED/admission outcome)
Next_Fall_Date_180D,date,True,LABEL,date,never,post_index,,,,False,,,-> outcome_first_event_date of the exploratory outcome
Days_To_Next_Fall_180D,int,True,LABEL,label,never,post_index,,,,False,,,
Next_Fall_Event_ID_180D,varchar(50),True,LABEL,identifier,never,post_index,,,,False,,,event id (traceback); never printed by the audit
Next_Fall_Confidence_180D,varchar(6),True,LABEL,label,never,post_index,,,,False,,,
Label_Reason_180D,varchar(25),False,LABEL,label,never,post_index,,,,False,,,POSITIVE / NEGATIVE / CENSORED (+ suffixes); audit reports the distribution
Fall_Next_30D_HighConf_Ind,int,True,LABEL,label,never,post_index,"[0, 1]",,,False,,,sensitivity label
Fall_Next_180D_HighConf_Ind,int,True,LABEL,label,never,post_index,"[0, 1]",,,False,,,sensitivity label
