column,role,required_for_training,required_for_scoring,dtype,allowed_values,missing_value_behaviour,efalls_term,layer,exact_efalls_baseline,retained_in_published_model,time_window,notes
research_id,identifier,yes,no,string,non-null; unique together with index_date,validation: null rejected in training; optional when scoring (echoed in predictions when present),,,,,,pseudonymised research identifier; never a predictor; one row per research_id x index_date (D-15)
index_date,index_date,yes,yes,date (datetime64; CSV YYYY-MM-DD),valid calendar date,validation: null rejected,,,,,,prediction is made at the start of the index day (D-00); predictors use records strictly before this date
predictor_max_record_date,predictor_provenance,yes,yes,date (datetime64; CSV YYYY-MM-DD),< index_date,validation: must be a date strictly before index_date; any row on or after index_date is rejected as LEAKAGE,,,,,,latest record date used by any predictor of the row. rule: < index_date (D-00: predictors use records strictly before the index date)
outcome_12m,outcome,yes,no,integer 0/1 (int8/int64 or bool),0|1,validation: null rejected in training; not used when scoring,,L1_published,,,"start=index_date (inclusive); end=index_date + 1 calendar year - 1 day (inclusive); horizon_years=1; decision=D-00, D-09","One or more emergency department attendances or hospital admissions with a fall or fracture within 12 months after index. decisions: D-00, D-09"
outcome_first_event_date,outcome_provenance,yes,no,"date, nullable (datetime64; CSV YYYY-MM-DD or empty)",index_date..index_date + 1 year - 1 day,validation: required (non-null) when outcome_12m = 1 and must be null when outcome_12m = 0; dates outside the window are rejected,,,,,index_date..index_date + 1 year - 1 day,date of the first qualifying outcome event. rule: non-null iff outcome_12m == 1; index_date <= date <= index_date + 1 year - 1 day (D-00)
dataset_version,version,yes,no,string,exactly one constant value per dataset,validation: null rejected; must equal the manifest,,,,,,written by build-dataset from --dataset-version; optional in an extract (if present it must equal that argument)
mapping_version,version,yes,no,string,exactly one constant value per dataset,validation: null rejected; must equal the manifest,,,,,,written by build-dataset from --mapping-version; optional in an extract (if present it must equal that argument)
source,version,yes,no,string,exactly one constant value per dataset,validation: null rejected; must equal the manifest,,,,,,written by build-dataset from --source; optional in an extract (if present it must equal that argument)
age_years,predictor,yes,yes,float64,65.0..120.0,validation: null rejected; preprocessing: never imputed (every representation),Age (years),L1_published,true,,type=at_index_date,"Decimal age at index date: (index_date - date_of_birth) / 365.25 (D-06). decisions: D-06, D-13. transformation published: linear (decimal years; no cap, D-06). transformation retrained: fractional_polynomial_selection (FP2 max; D-13). Meuhedet mapping status: TO_BE_MAPPED"
sex,predictor,yes,yes,string,female|male,validation: null rejected; preprocessing: never imputed (every representation),Gender,L1_published,true,,type=at_index_date,"Recorded sex. decisions: D-01, D-10. transformation published: sex term per sex_parameterisation (D-01). transformation retrained: all-levels indicators (D-10). reference level: PUB-CONFLICT: see configs/models/efalls_published.yaml sex_parameterisations (D-01). Meuhedet mapping status: TO_BE_MAPPED"
polypharmacy_count_120d,predictor,yes,yes,integer (int64),0..unbounded,validation: null rejected - no prescription in the window must be written as 0 (absent_is_zero); negative counts rejected; preprocessing: never imputed (every representation),ln((Polypharmacy+1)/10),L1_published,true,,type=lookback_days; days=120; boundary=index_date - 120 days <= record_date <= index_date - 1 day (D-00); fidelity=published,"Number of unique BNF paragraphs ('sub-sub-chapters') with a drug prescribed in the 120 days before index, excluding non-drug chapters. decisions: D-03. transformation published: log((P + 1) / 10). transformation retrained: fractional_polynomial_selection (FP2 max; Stata auto-scaling; D-13). Meuhedet mapping status: TO_BE_MAPPED"
bmi_value,predictor,yes,yes,"float64, nullable",10.0..80.0,"validation: null allowed = no valid BMI in the window (values outside the range must be set to null before building, they are rejected); preprocessing: published: null -> 'missing' BMI category (published coefficient vs reference overweight); retrained: 'missing' is one of the all-levels indicators; alternative: 'missing' indicator (reference-coded vs overweight, or all-levels for tree models)",BMI category,L1_published,true,,type=lookback_years; years=5; record_rule=most recent valid value; precedence recorded value > computed weight/height (within 30 days) > unambiguous category code; same-day mean; fidelity=assumed (third-party S10 window; D-02),"Most recent valid body-mass index (kg/m2) within look-back, categorised. decisions: D-02. transformation published: categorise.underweight=< 18.5; categorise.normal=18.5 <= bmi < 25; categorise.overweight=25 <= bmi < 30; categorise.obese=>= 30; note=WHO cut-offs (D-02); printed 'obese >= 40' is erratum E-04. transformation retrained: same categories, all-levels indicators (D-10). reference level: overweight. derived categories: underweight|normal|overweight|obese|missing. Meuhedet mapping status: TO_BE_MAPPED"
smoking_status,predictor,yes,yes,"string, nullable",never|ex|current,"validation: null allowed = no smoking record; preprocessing: published: null -> ex_never reference (only 'current' carries a coefficient); retrained: null merged into 'never' (all-levels never|ex|current); alternative: null merged into 'never' (reference-coded vs never, or all-levels for tree models)",Smoking,L1_published,true,,type=complete_history; record_rule=most recent status before index; 'never' after an earlier smoker/ex code counts as ex; ex followed by current is current; fidelity=assumed (D-04),"Most recent recorded smoking status. decisions: D-04. transformation published: current -> 'current'; never/ex/missing -> 'ex_never' (reference). transformation retrained: all-levels indicators never/ex/current; missing merged into never (D-04, D-10). reference level: ex_never. Meuhedet mapping status: TO_BE_MAPPED"
alcohol_category,predictor,yes,yes,"string, nullable",harmful|higher_risk|lower_risk|previous_higher_risk_or_harmful|zero,"validation: null allowed = no alcohol record; preprocessing: published: null -> 'missing' level (published coefficient vs reference lower_risk); retrained: 'missing' all-levels indicator; alternative: 'missing' indicator (reference-coded vs lower_risk, or all-levels for tree models)",Alcohol consumption,L1_published,true,,"type=lookback_years; years=5; record_rule=precedence harmful > higher_risk > previous_higher_risk_or_harmful > lower_risk > zero; units/week 0 zero, 1-20 lower, 21-48 higher, >=49 harmful; coded category wins same-day conflicts; fidelity=assumed (IMPL S5 / third-party S10; D-05)",Alcohol consumption category (highest-risk record within look-back). decisions: D-05. transformation published: indicators vs reference lower_risk; null -> 'missing' level. transformation retrained: all-levels indicators incl. missing (D-10). reference level: lower_risk. Meuhedet mapping status: TO_BE_MAPPED
abdominal_pain,predictor,yes,yes,integer 0/1 (int8/int64 or bool),0|1,validation: null rejected - absence of a qualifying record must be written as 0 (absent_is_zero); preprocessing: value used as-is in every representation,Abdominal pain,L1_published,true,true,proxy_source=eFI2 Appendix 1 (Best et al. Age Ageing 2025;54:afaf077) — INFERRED proxy for eFalls (spec D-08); proxy_rule_text=† all 5y; window.type=lookback_years; window.years=5; rule_fidelity=full; rule_evidence=not_checkable,Abdominal pain. decisions: D-08. transformation published: indicator (0/1). transformation retrained: indicator (0/1). Meuhedet mapping status: TO_BE_MAPPED
activity_limitation,predictor,yes,yes,integer 0/1 (int8/int64 or bool),0|1,validation: null rejected - absence of a qualifying record must be written as 0 (absent_is_zero); preprocessing: value used as-is in every representation,Activity limitation,L1_published,true,true,"proxy_source=eFI2 Appendix 1 (Best et al. Age Ageing 2025;54:afaf077) — INFERRED proxy for eFalls (spec D-08); proxy_rule_text=none; window.type=complete_history; rule_fidelity=full; rule_evidence=count_matched; non_code_rule=code OR Barthel index <= 18; non_code_rule_status=IMPL S5/S10; primary codes+measurements; applicability to eFalls UNRESOLVED (Q-02, D-08)",Activity limitation. decisions: D-08. transformation published: indicator (0/1). transformation retrained: indicator (0/1). Meuhedet mapping status: TO_BE_MAPPED
anaemia_and_haematinic_deficiency,predictor,yes,yes,integer 0/1 (int8/int64 or bool),0|1,validation: null rejected - absence of a qualifying record must be written as 0 (absent_is_zero); preprocessing: value used as-is in every representation,Anaemia and haematinic deficiency,L1_published,true,true,"proxy_source=eFI2 Appendix 1 (Best et al. Age Ageing 2025;54:afaf077) — INFERRED proxy for eFalls (spec D-08); proxy_rule_text=‡ some 5y; window.type=complete_history; rule_fidelity=partial; rule_evidence=not_checkable; non_code_rule=code OR Hb below sex-specific threshold (M < 13.0, F < 11.5 g/dL); resolved by a later normal Hb; non_code_rule_status=IMPL S5/S10; primary codes+measurements; applicability to eFalls UNRESOLVED (Q-02, D-08)",Anaemia and haematinic deficiency. decisions: D-08. transformation published: indicator (0/1). transformation retrained: indicator (0/1). Meuhedet mapping status: TO_BE_MAPPED
anxiety,predictor,yes,yes,integer 0/1 (int8/int64 or bool),0|1,validation: null rejected - absence of a qualifying record must be written as 0 (absent_is_zero); preprocessing: value used as-is in every representation,Anxiety,L1_published,true,false,proxy_source=eFI2 Appendix 1 (Best et al. Age Ageing 2025;54:afaf077) — INFERRED proxy for eFalls (spec D-08); proxy_rule_text=† all 5y; window.type=lookback_years; window.years=5; rule_fidelity=full; rule_evidence=not_checkable,Anxiety. decisions: D-08. transformation published: indicator (0/1). transformation retrained: indicator (0/1). Meuhedet mapping status: TO_BE_MAPPED
asthma,predictor,yes,yes,integer 0/1 (int8/int64 or bool),0|1,validation: null rejected - absence of a qualifying record must be written as 0 (absent_is_zero); preprocessing: value used as-is in every representation,Asthma,L1_published,true,true,proxy_source=eFI2 Appendix 1 (Best et al. Age Ageing 2025;54:afaf077) — INFERRED proxy for eFalls (spec D-08); proxy_rule_text=* age>=18; window.type=complete_history; age_at_record_min=18; rule_fidelity=full; rule_evidence=not_checkable,Asthma. decisions: D-08. transformation published: indicator (0/1). transformation retrained: indicator (0/1). Meuhedet mapping status: TO_BE_MAPPED
atrial_fibrillation,predictor,yes,yes,integer 0/1 (int8/int64 or bool),0|1,validation: null rejected - absence of a qualifying record must be written as 0 (absent_is_zero); preprocessing: value used as-is in every representation,Atrial fibrillation,L1_published,true,true,proxy_source=eFI2 Appendix 1 (Best et al. Age Ageing 2025;54:afaf077) — INFERRED proxy for eFalls (spec D-08); proxy_rule_text=* age>=18; lone AF age>=55; window.type=complete_history; age_at_record_min=18; rule_fidelity=partial; rule_evidence=count_matched,Atrial fibrillation. decisions: D-08. transformation published: indicator (0/1). transformation retrained: indicator (0/1). Meuhedet mapping status: TO_BE_MAPPED
back_pain,predictor,yes,yes,integer 0/1 (int8/int64 or bool),0|1,validation: null rejected - absence of a qualifying record must be written as 0 (absent_is_zero); preprocessing: value used as-is in every representation,Back pain,L1_published,true,true,"proxy_source=eFI2 Appendix 1 (Best et al. Age Ageing 2025;54:afaf077) — INFERRED proxy for eFalls (spec D-08); proxy_rule_text=‡ some 5y (exceptions: chronic back pain, spondylosis, disc prolapse); window.type=complete_history; rule_fidelity=partial; rule_evidence=not_checkable",Back pain. decisions: D-08. transformation published: indicator (0/1). transformation retrained: indicator (0/1). Meuhedet mapping status: TO_BE_MAPPED
bone_disease,predictor,yes,yes,integer 0/1 (int8/int64 or bool),0|1,validation: null rejected - absence of a qualifying record must be written as 0 (absent_is_zero); preprocessing: value used as-is in every representation,Bone disease,L1_published,true,true,proxy_source=eFI2 Appendix 1 (Best et al. Age Ageing 2025;54:afaf077) — INFERRED proxy for eFalls (spec D-08); proxy_rule_text=none; window.type=complete_history; rule_fidelity=full; rule_evidence=not_checkable,Bone disease. decisions: D-08. transformation published: indicator (0/1). transformation retrained: indicator (0/1). Meuhedet mapping status: TO_BE_MAPPED
cancer,predictor,yes,yes,integer 0/1 (int8/int64 or bool),0|1,validation: null rejected - absence of a qualifying record must be written as 0 (absent_is_zero); preprocessing: value used as-is in every representation,Cancer,L1_published,true,true,proxy_source=eFI2 Appendix 1 (Best et al. Age Ageing 2025;54:afaf077) — INFERRED proxy for eFalls (spec D-08); proxy_rule_text=none; window.type=complete_history; rule_fidelity=full; rule_evidence=count_matched,Cancer. decisions: D-08. transformation published: indicator (0/1). transformation retrained: indicator (0/1). Meuhedet mapping status: TO_BE_MAPPED
chronic_kidney_disease,predictor,yes,yes,integer 0/1 (int8/int64 or bool),0|1,validation: null rejected - absence of a qualifying record must be written as 0 (absent_is_zero); preprocessing: value used as-is in every representation,Chronic kidney disease,L1_published,true,false,"proxy_source=eFI2 Appendix 1 (Best et al. Age Ageing 2025;54:afaf077) — INFERRED proxy for eFalls (spec D-08); proxy_rule_text=none; window.type=complete_history; rule_fidelity=full; rule_evidence=not_checkable; non_code_rule=code OR eGFR < 60 or abnormal ACR/protein result; non_code_rule_status=IMPL S5/S10; primary codes+measurements; applicability to eFalls UNRESOLVED (Q-02, D-08)",Chronic kidney disease. decisions: D-08. transformation published: indicator (0/1). transformation retrained: indicator (0/1). Meuhedet mapping status: TO_BE_MAPPED
cognitive_impairment,predictor,yes,yes,integer 0/1 (int8/int64 or bool),0|1,validation: null rejected - absence of a qualifying record must be written as 0 (absent_is_zero); preprocessing: value used as-is in every representation,Cognitive impairment,L1_published,true,true,"proxy_source=eFI2 Appendix 1 (Best et al. Age Ageing 2025;54:afaf077) — INFERRED proxy for eFalls (spec D-08); proxy_rule_text=¥ resolves if dementia recorded; window.type=complete_history; resolved_by=dementia; rule_fidelity=full; rule_evidence=count_matched; non_code_rule=code OR 6CIT >= 8; non_code_rule_status=IMPL S5/S10; primary codes+measurements; applicability to eFalls UNRESOLVED (Q-02, D-08)",Cognitive impairment. decisions: D-08. transformation published: indicator (0/1). transformation retrained: indicator (0/1). Meuhedet mapping status: TO_BE_MAPPED
copd,predictor,yes,yes,integer 0/1 (int8/int64 or bool),0|1,validation: null rejected - absence of a qualifying record must be written as 0 (absent_is_zero); preprocessing: value used as-is in every representation,COPD,L1_published,true,true,proxy_source=eFI2 Appendix 1 (Best et al. Age Ageing 2025;54:afaf077) — INFERRED proxy for eFalls (spec D-08); proxy_rule_text=none; window.type=complete_history; rule_fidelity=full; rule_evidence=count_matched,COPD. decisions: D-08. transformation published: indicator (0/1). transformation retrained: indicator (0/1). Meuhedet mapping status: TO_BE_MAPPED
dementia,predictor,yes,yes,integer 0/1 (int8/int64 or bool),0|1,validation: null rejected - absence of a qualifying record must be written as 0 (absent_is_zero); preprocessing: value used as-is in every representation,Dementia,L1_published,true,true,proxy_source=eFI2 Appendix 1 (Best et al. Age Ageing 2025;54:afaf077) — INFERRED proxy for eFalls (spec D-08); proxy_rule_text=¥ (listed); window.type=complete_history; rule_fidelity=full; rule_evidence=count_matched,Dementia. decisions: D-08. transformation published: indicator (0/1). transformation retrained: indicator (0/1). Meuhedet mapping status: TO_BE_MAPPED
depression,predictor,yes,yes,integer 0/1 (int8/int64 or bool),0|1,validation: null rejected - absence of a qualifying record must be written as 0 (absent_is_zero); preprocessing: value used as-is in every representation,Depression,L1_published,true,true,proxy_source=eFI2 Appendix 1 (Best et al. Age Ageing 2025;54:afaf077) — INFERRED proxy for eFalls (spec D-08); proxy_rule_text=† all 5y; window.type=lookback_years; window.years=5; rule_fidelity=full; rule_evidence=not_checkable,Depression. decisions: D-08. transformation published: indicator (0/1). transformation retrained: indicator (0/1). Meuhedet mapping status: TO_BE_MAPPED
diabetes_mellitus,predictor,yes,yes,integer 0/1 (int8/int64 or bool),0|1,validation: null rejected - absence of a qualifying record must be written as 0 (absent_is_zero); preprocessing: value used as-is in every representation,Diabetes mellitus,L1_published,true,true,proxy_source=eFI2 Appendix 1 (Best et al. Age Ageing 2025;54:afaf077) — INFERRED proxy for eFalls (spec D-08); proxy_rule_text=‡ 5y only drug-induced/remission/gestational; window.type=complete_history; rule_fidelity=partial; rule_evidence=not_checkable,Diabetes mellitus. decisions: D-08. transformation published: indicator (0/1). transformation retrained: indicator (0/1). Meuhedet mapping status: TO_BE_MAPPED
dizziness,predictor,yes,yes,integer 0/1 (int8/int64 or bool),0|1,validation: null rejected - absence of a qualifying record must be written as 0 (absent_is_zero); preprocessing: value used as-is in every representation,Dizziness,L1_published,true,true,proxy_source=eFI2 Appendix 1 (Best et al. Age Ageing 2025;54:afaf077) — INFERRED proxy for eFalls (spec D-08); proxy_rule_text=‡ 5y except vestibular/vertigo codes; window.type=complete_history; rule_fidelity=partial; rule_evidence=not_checkable,Dizziness. decisions: D-08. transformation published: indicator (0/1). transformation retrained: indicator (0/1). Meuhedet mapping status: TO_BE_MAPPED
dressing_and_grooming_problems,predictor,yes,yes,integer 0/1 (int8/int64 or bool),0|1,validation: null rejected - absence of a qualifying record must be written as 0 (absent_is_zero); preprocessing: value used as-is in every representation,Dressing and grooming problems,L1_published,true,true,proxy_source=eFI2 Appendix 1 (Best et al. Age Ageing 2025;54:afaf077) — INFERRED proxy for eFalls (spec D-08); proxy_rule_text=none; window.type=complete_history; rule_fidelity=full; rule_evidence=count_matched,Dressing and grooming problems. decisions: D-08. transformation published: indicator (0/1). transformation retrained: indicator (0/1). Meuhedet mapping status: TO_BE_MAPPED
dyspnoea,predictor,yes,yes,integer 0/1 (int8/int64 or bool),0|1,validation: null rejected - absence of a qualifying record must be written as 0 (absent_is_zero); preprocessing: value used as-is in every representation,Dyspnoea,L1_published,true,false,proxy_source=eFI2 Appendix 1 (Best et al. Age Ageing 2025;54:afaf077) — INFERRED proxy for eFalls (spec D-08); proxy_rule_text=‡ 5y except MRC grade 4; window.type=complete_history; rule_fidelity=partial; rule_evidence=not_checkable,Dyspnoea. decisions: D-08. transformation published: indicator (0/1). transformation retrained: indicator (0/1). Meuhedet mapping status: TO_BE_MAPPED
environment_problems,predictor,yes,yes,integer 0/1 (int8/int64 or bool),0|1,validation: null rejected - absence of a qualifying record must be written as 0 (absent_is_zero); preprocessing: value used as-is in every representation,Environment problems,L1_published,true,false,proxy_source=eFI2 Appendix 1 (Best et al. Age Ageing 2025;54:afaf077) — INFERRED proxy for eFalls (spec D-08); proxy_rule_text=none (footnote: housing & social environment codes); window.type=complete_history; rule_fidelity=full; rule_evidence=count_matched,Environment problems. decisions: D-08. transformation published: indicator (0/1). transformation retrained: indicator (0/1). Meuhedet mapping status: TO_BE_MAPPED
faecal_incontinence,predictor,yes,yes,integer 0/1 (int8/int64 or bool),0|1,validation: null rejected - absence of a qualifying record must be written as 0 (absent_is_zero); preprocessing: value used as-is in every representation,Faecal incontinence,L1_published,true,true,proxy_source=eFI2 Appendix 1 (Best et al. Age Ageing 2025;54:afaf077) — INFERRED proxy for eFalls (spec D-08); proxy_rule_text=none; window.type=complete_history; rule_fidelity=full; rule_evidence=not_checkable,Faecal incontinence. decisions: D-08. transformation published: indicator (0/1). transformation retrained: indicator (0/1). Meuhedet mapping status: TO_BE_MAPPED
falls,predictor,yes,yes,integer 0/1 (int8/int64 or bool),0|1,validation: null rejected - absence of a qualifying record must be written as 0 (absent_is_zero); preprocessing: value used as-is in every representation,Falls,L1_published,true,true,proxy_source=eFI2 Appendix 1 (Best et al. Age Ageing 2025;54:afaf077) — INFERRED proxy for eFalls (spec D-08); proxy_rule_text=†α all 5y; age>=55; window.type=lookback_years; window.years=5; age_at_record_min=55; rule_fidelity=full; rule_evidence=count_matched,Falls. decisions: D-08. transformation published: indicator (0/1). transformation retrained: indicator (0/1). Meuhedet mapping status: TO_BE_MAPPED
fatigue,predictor,yes,yes,integer 0/1 (int8/int64 or bool),0|1,validation: null rejected - absence of a qualifying record must be written as 0 (absent_is_zero); preprocessing: value used as-is in every representation,Fatigue,L1_published,true,true,proxy_source=eFI2 Appendix 1 (Best et al. Age Ageing 2025;54:afaf077) — INFERRED proxy for eFalls (spec D-08); proxy_rule_text=† all 5y; window.type=lookback_years; window.years=5; rule_fidelity=full; rule_evidence=not_checkable,Fatigue. decisions: D-08. transformation published: indicator (0/1). transformation retrained: indicator (0/1). Meuhedet mapping status: TO_BE_MAPPED
foot_problems,predictor,yes,yes,integer 0/1 (int8/int64 or bool),0|1,validation: null rejected - absence of a qualifying record must be written as 0 (absent_is_zero); preprocessing: value used as-is in every representation,Foot problems,L1_published,true,true,proxy_source=eFI2 Appendix 1 (Best et al. Age Ageing 2025;54:afaf077) — INFERRED proxy for eFalls (spec D-08); proxy_rule_text=‡ 5y for corns only; window.type=complete_history; rule_fidelity=partial; rule_evidence=not_checkable,Foot problems. decisions: D-08. transformation published: indicator (0/1). transformation retrained: indicator (0/1). Meuhedet mapping status: TO_BE_MAPPED
fracture,predictor,yes,yes,integer 0/1 (int8/int64 or bool),0|1,validation: null rejected - absence of a qualifying record must be written as 0 (absent_is_zero); preprocessing: value used as-is in every representation,Fracture,L1_published,true,true,proxy_source=eFI2 Appendix 1 (Best et al. Age Ageing 2025;54:afaf077) — INFERRED proxy for eFalls (spec D-08); proxy_rule_text=α age>=55; window.type=complete_history; age_at_record_min=55; rule_fidelity=full; rule_evidence=count_matched,Fracture. decisions: D-08. transformation published: indicator (0/1). transformation retrained: indicator (0/1). Meuhedet mapping status: TO_BE_MAPPED
fragility_fracture,predictor,yes,yes,integer 0/1 (int8/int64 or bool),0|1,validation: null rejected - absence of a qualifying record must be written as 0 (absent_is_zero); preprocessing: value used as-is in every representation,Fragility fracture,L1_published,true,true,proxy_source=eFI2 Appendix 1 (Best et al. Age Ageing 2025;54:afaf077) — INFERRED proxy for eFalls (spec D-08); proxy_rule_text=α age>=55; window.type=complete_history; age_at_record_min=55; rule_fidelity=full; rule_evidence=count_matched,Fragility fracture. decisions: D-08. transformation published: indicator (0/1). transformation retrained: indicator (0/1). Meuhedet mapping status: TO_BE_MAPPED
general_mental_health,predictor,yes,yes,integer 0/1 (int8/int64 or bool),0|1,validation: null rejected - absence of a qualifying record must be written as 0 (absent_is_zero); preprocessing: value used as-is in every representation,General mental health,L1_published,true,true,proxy_source=eFI2 Appendix 1 (Best et al. Age Ageing 2025;54:afaf077) — INFERRED proxy for eFalls (spec D-08); proxy_rule_text=† all 5y; window.type=lookback_years; window.years=5; rule_fidelity=full; rule_evidence=not_checkable,General mental health. decisions: D-08. transformation published: indicator (0/1). transformation retrained: indicator (0/1). Meuhedet mapping status: TO_BE_MAPPED
headache,predictor,yes,yes,integer 0/1 (int8/int64 or bool),0|1,validation: null rejected - absence of a qualifying record must be written as 0 (absent_is_zero); preprocessing: value used as-is in every representation,Headache,L1_published,true,true,proxy_source=eFI2 Appendix 1 (Best et al. Age Ageing 2025;54:afaf077) — INFERRED proxy for eFalls (spec D-08); proxy_rule_text=† all 5y; window.type=lookback_years; window.years=5; rule_fidelity=full; rule_evidence=not_checkable,Headache. decisions: D-08. transformation published: indicator (0/1). transformation retrained: indicator (0/1). Meuhedet mapping status: TO_BE_MAPPED
hearing_impairment,predictor,yes,yes,integer 0/1 (int8/int64 or bool),0|1,validation: null rejected - absence of a qualifying record must be written as 0 (absent_is_zero); preprocessing: value used as-is in every representation,Hearing impairment,L1_published,true,true,proxy_source=eFI2 Appendix 1 (Best et al. Age Ageing 2025;54:afaf077) — INFERRED proxy for eFalls (spec D-08); proxy_rule_text=‡ 5y only hearing loss/deteriorating/impaired; window.type=complete_history; rule_fidelity=partial; rule_evidence=not_checkable,Hearing impairment. decisions: D-08. transformation published: indicator (0/1). transformation retrained: indicator (0/1). Meuhedet mapping status: TO_BE_MAPPED
heart_failure,predictor,yes,yes,integer 0/1 (int8/int64 or bool),0|1,validation: null rejected - absence of a qualifying record must be written as 0 (absent_is_zero); preprocessing: value used as-is in every representation,Heart failure,L1_published,true,true,proxy_source=eFI2 Appendix 1 (Best et al. Age Ageing 2025;54:afaf077) — INFERRED proxy for eFalls (spec D-08); proxy_rule_text=none; window.type=complete_history; rule_fidelity=full; rule_evidence=count_matched,Heart failure. decisions: D-08. transformation published: indicator (0/1). transformation retrained: indicator (0/1). Meuhedet mapping status: TO_BE_MAPPED
heart_valve_disease,predictor,yes,yes,integer 0/1 (int8/int64 or bool),0|1,validation: null rejected - absence of a qualifying record must be written as 0 (absent_is_zero); preprocessing: value used as-is in every representation,Heart valve disease,L1_published,true,false,proxy_source=eFI2 Appendix 1 (Best et al. Age Ageing 2025;54:afaf077) — INFERRED proxy for eFalls (spec D-08); proxy_rule_text=none; window.type=complete_history; rule_fidelity=full; rule_evidence=not_checkable,Heart valve disease. decisions: D-08. transformation published: indicator (0/1). transformation retrained: indicator (0/1). Meuhedet mapping status: TO_BE_MAPPED
housebound,predictor,yes,yes,integer 0/1 (int8/int64 or bool),0|1,validation: null rejected - absence of a qualifying record must be written as 0 (absent_is_zero); preprocessing: value used as-is in every representation,Housebound,L1_published,true,true,proxy_source=eFI2 Appendix 1 (Best et al. Age Ageing 2025;54:afaf077) — INFERRED proxy for eFalls (spec D-08); proxy_rule_text=‡α 5y and >=55 for home visit (not chronic or acute); window.type=complete_history; rule_fidelity=partial; rule_evidence=count_matched,Housebound. decisions: D-08. transformation published: indicator (0/1). transformation retrained: indicator (0/1). Meuhedet mapping status: TO_BE_MAPPED
hypertension,predictor,yes,yes,integer 0/1 (int8/int64 or bool),0|1,validation: null rejected - absence of a qualifying record must be written as 0 (absent_is_zero); preprocessing: value used as-is in every representation,Hypertension,L1_published,true,true,"proxy_source=eFI2 Appendix 1 (Best et al. Age Ageing 2025;54:afaf077) — INFERRED proxy for eFalls (spec D-08); proxy_rule_text=‡ (no specific rule text given); window.type=complete_history; rule_fidelity=none; rule_evidence=not_checkable; non_code_rule=code OR >= 3 readings ever with SBP >= 140 or DBP >= 90 (systolic/diastolic not mixed); non_code_rule_status=IMPL S5/S10; primary codes+measurements; applicability to eFalls UNRESOLVED (Q-02, D-08)",Hypertension. decisions: D-08. transformation published: indicator (0/1). transformation retrained: indicator (0/1). Meuhedet mapping status: TO_BE_MAPPED
hypotension_or_syncope,predictor,yes,yes,integer 0/1 (int8/int64 or bool),0|1,validation: null rejected - absence of a qualifying record must be written as 0 (absent_is_zero); preprocessing: value used as-is in every representation,Hypotension or syncope,L1_published,true,true,"proxy_source=eFI2 Appendix 1 (Best et al. Age Ageing 2025;54:afaf077) — INFERRED proxy for eFalls (spec D-08); proxy_rule_text=5y except PD with orthostatic hypotension, chronic, idiopathic, NOS; window.type=complete_history; rule_fidelity=none; rule_evidence=count_mismatch; non_code_rule=code OR >= 3 readings ever with SBP < 90 or DBP < 60; non_code_rule_status=IMPL S5/S10; primary codes+measurements; applicability to eFalls UNRESOLVED (Q-02, D-08)",Hypotension or syncope. decisions: D-08. transformation published: indicator (0/1). transformation retrained: indicator (0/1). Meuhedet mapping status: TO_BE_MAPPED
inflammatory_arthritis,predictor,yes,yes,integer 0/1 (int8/int64 or bool),0|1,validation: null rejected - absence of a qualifying record must be written as 0 (absent_is_zero); preprocessing: value used as-is in every representation,Inflammatory arthritis,L1_published,true,true,proxy_source=eFI2 Appendix 1 (Best et al. Age Ageing 2025;54:afaf077) — INFERRED proxy for eFalls (spec D-08); proxy_rule_text=none; window.type=complete_history; rule_fidelity=full; rule_evidence=not_checkable,Inflammatory arthritis. decisions: D-08. transformation published: indicator (0/1). transformation retrained: indicator (0/1). Meuhedet mapping status: TO_BE_MAPPED
inflammatory_bowel_disease,predictor,yes,yes,integer 0/1 (int8/int64 or bool),0|1,validation: null rejected - absence of a qualifying record must be written as 0 (absent_is_zero); preprocessing: value used as-is in every representation,Inflammatory bowel disease,L1_published,true,true,proxy_source=eFI2 Appendix 1 (Best et al. Age Ageing 2025;54:afaf077) — INFERRED proxy for eFalls (spec D-08); proxy_rule_text=none; window.type=complete_history; rule_fidelity=full; rule_evidence=not_checkable,Inflammatory bowel disease. decisions: D-08. transformation published: indicator (0/1). transformation retrained: indicator (0/1). Meuhedet mapping status: TO_BE_MAPPED
ischaemic_heart_disease,predictor,yes,yes,integer 0/1 (int8/int64 or bool),0|1,validation: null rejected - absence of a qualifying record must be written as 0 (absent_is_zero); preprocessing: value used as-is in every representation,Ischaemic heart disease,L1_published,true,false,proxy_source=eFI2 Appendix 1 (Best et al. Age Ageing 2025;54:afaf077) — INFERRED proxy for eFalls (spec D-08); proxy_rule_text=none; window.type=complete_history; rule_fidelity=full; rule_evidence=not_checkable,Ischaemic heart disease. decisions: D-08. transformation published: indicator (0/1). transformation retrained: indicator (0/1). Meuhedet mapping status: TO_BE_MAPPED
liver_problems,predictor,yes,yes,integer 0/1 (int8/int64 or bool),0|1,validation: null rejected - absence of a qualifying record must be written as 0 (absent_is_zero); preprocessing: value used as-is in every representation,Liver problems,L1_published,true,true,proxy_source=eFI2 Appendix 1 (Best et al. Age Ageing 2025;54:afaf077) — INFERRED proxy for eFalls (spec D-08); proxy_rule_text=none; window.type=complete_history; rule_fidelity=full; rule_evidence=count_matched,Liver problems. decisions: D-08. transformation published: indicator (0/1). transformation retrained: indicator (0/1). Meuhedet mapping status: TO_BE_MAPPED
meal_preparation_problems,predictor,yes,yes,integer 0/1 (int8/int64 or bool),0|1,validation: null rejected - absence of a qualifying record must be written as 0 (absent_is_zero); preprocessing: value used as-is in every representation,Meal preparation problems,L1_published,true,true,proxy_source=eFI2 Appendix 1 (Best et al. Age Ageing 2025;54:afaf077) — INFERRED proxy for eFalls (spec D-08); proxy_rule_text=none; window.type=complete_history; rule_fidelity=full; rule_evidence=not_checkable,Meal preparation problems. decisions: D-08. transformation published: indicator (0/1). transformation retrained: indicator (0/1). Meuhedet mapping status: TO_BE_MAPPED
medication_management,predictor,yes,yes,integer 0/1 (int8/int64 or bool),0|1,validation: null rejected - absence of a qualifying record must be written as 0 (absent_is_zero); preprocessing: value used as-is in every representation,Medication management,L1_published,true,true,"proxy_source=eFI2 Appendix 1 (Best et al. Age Ageing 2025;54:afaf077) — INFERRED proxy for eFalls (spec D-08); proxy_rule_text=none (listed as ""Unable to manage medications""); window.type=complete_history; rule_fidelity=full; rule_evidence=count_matched",Medication management. decisions: D-08. transformation published: indicator (0/1). transformation retrained: indicator (0/1). Meuhedet mapping status: TO_BE_MAPPED
memory_concerns,predictor,yes,yes,integer 0/1 (int8/int64 or bool),0|1,validation: null rejected - absence of a qualifying record must be written as 0 (absent_is_zero); preprocessing: value used as-is in every representation,Memory concerns,L1_published,true,true,proxy_source=eFI2 Appendix 1 (Best et al. Age Ageing 2025;54:afaf077) — INFERRED proxy for eFalls (spec D-08); proxy_rule_text=†¥ all 5y; resolves if cognitive impairment recorded; window.type=lookback_years; window.years=5; resolved_by=cognitive_impairment|dementia; rule_fidelity=full; rule_evidence=count_matched,Memory concerns. decisions: D-08. transformation published: indicator (0/1). transformation retrained: indicator (0/1). Meuhedet mapping status: TO_BE_MAPPED
mobility_problems,predictor,yes,yes,integer 0/1 (int8/int64 or bool),0|1,validation: null rejected - absence of a qualifying record must be written as 0 (absent_is_zero); preprocessing: value used as-is in every representation,Mobility problems,L1_published,true,true,proxy_source=eFI2 Appendix 1 (Best et al. Age Ageing 2025;54:afaf077) — INFERRED proxy for eFalls (spec D-08); proxy_rule_text=none; window.type=complete_history; rule_fidelity=full; rule_evidence=count_matched,Mobility problems. decisions: D-08. transformation published: indicator (0/1). transformation retrained: indicator (0/1). Meuhedet mapping status: TO_BE_MAPPED
mono_or_hemiparesis,predictor,yes,yes,integer 0/1 (int8/int64 or bool),0|1,validation: null rejected - absence of a qualifying record must be written as 0 (absent_is_zero); preprocessing: value used as-is in every representation,Mono or hemiparesis,L1_published,true,true,proxy_source=eFI2 Appendix 1 (Best et al. Age Ageing 2025;54:afaf077) — INFERRED proxy for eFalls (spec D-08); proxy_rule_text=none; window.type=complete_history; rule_fidelity=full; rule_evidence=not_checkable,Mono or hemiparesis. decisions: D-08. transformation published: indicator (0/1). transformation retrained: indicator (0/1). Meuhedet mapping status: TO_BE_MAPPED
motor_neurone_disease,predictor,yes,yes,integer 0/1 (int8/int64 or bool),0|1,validation: null rejected - absence of a qualifying record must be written as 0 (absent_is_zero); preprocessing: value used as-is in every representation,Motor neurone disease,L1_published,true,true,proxy_source=eFI2 Appendix 1 (Best et al. Age Ageing 2025;54:afaf077) — INFERRED proxy for eFalls (spec D-08); proxy_rule_text=none; window.type=complete_history; rule_fidelity=full; rule_evidence=count_matched,Motor neurone disease. decisions: D-08. transformation published: indicator (0/1). transformation retrained: indicator (0/1). Meuhedet mapping status: TO_BE_MAPPED
musculoskeletal_problems,predictor,yes,yes,integer 0/1 (int8/int64 or bool),0|1,validation: null rejected - absence of a qualifying record must be written as 0 (absent_is_zero); preprocessing: value used as-is in every representation,Musculoskeletal problems,L1_published,true,true,proxy_source=eFI2 Appendix 1 (Best et al. Age Ageing 2025;54:afaf077) — INFERRED proxy for eFalls (spec D-08); proxy_rule_text=† all 5y; window.type=lookback_years; window.years=5; rule_fidelity=full; rule_evidence=not_checkable,Musculoskeletal problems. decisions: D-08. transformation published: indicator (0/1). transformation retrained: indicator (0/1). Meuhedet mapping status: TO_BE_MAPPED
osteoarthritis,predictor,yes,yes,integer 0/1 (int8/int64 or bool),0|1,validation: null rejected - absence of a qualifying record must be written as 0 (absent_is_zero); preprocessing: value used as-is in every representation,Osteoarthritis,L1_published,true,true,proxy_source=eFI2 Appendix 1 (Best et al. Age Ageing 2025;54:afaf077) — INFERRED proxy for eFalls (spec D-08); proxy_rule_text=none; window.type=complete_history; rule_fidelity=full; rule_evidence=not_checkable,Osteoarthritis. decisions: D-08. transformation published: indicator (0/1). transformation retrained: indicator (0/1). Meuhedet mapping status: TO_BE_MAPPED
osteoporosis,predictor,yes,yes,integer 0/1 (int8/int64 or bool),0|1,validation: null rejected - absence of a qualifying record must be written as 0 (absent_is_zero); preprocessing: value used as-is in every representation,Osteoporosis,L1_published,true,true,"proxy_source=eFI2 Appendix 1 (Best et al. Age Ageing 2025;54:afaf077) — INFERRED proxy for eFalls (spec D-08); proxy_rule_text=none; window.type=complete_history; rule_fidelity=full; rule_evidence=not_checkable; non_code_rule=code OR DEXA T-score < -2.5; non_code_rule_status=IMPL S5/S10; primary codes+measurements; applicability to eFalls UNRESOLVED (Q-02, D-08)",Osteoporosis. decisions: D-08. transformation published: indicator (0/1). transformation retrained: indicator (0/1). Meuhedet mapping status: TO_BE_MAPPED
palliative_care,predictor,yes,yes,integer 0/1 (int8/int64 or bool),0|1,validation: null rejected - absence of a qualifying record must be written as 0 (absent_is_zero); preprocessing: value used as-is in every representation,Palliative care,L1_published,true,true,proxy_source=eFI2 Appendix 1 (Best et al. Age Ageing 2025;54:afaf077) — INFERRED proxy for eFalls (spec D-08); proxy_rule_text=none; window.type=complete_history; rule_fidelity=full; rule_evidence=count_matched,Palliative care. decisions: D-08. transformation published: indicator (0/1). transformation retrained: indicator (0/1). Meuhedet mapping status: TO_BE_MAPPED
parkinsonism_and_tremor,predictor,yes,yes,integer 0/1 (int8/int64 or bool),0|1,validation: null rejected - absence of a qualifying record must be written as 0 (absent_is_zero); preprocessing: value used as-is in every representation,Parkinsonism and tremor,L1_published,true,true,proxy_source=eFI2 Appendix 1 (Best et al. Age Ageing 2025;54:afaf077) — INFERRED proxy for eFalls (spec D-08); proxy_rule_text=none; window.type=complete_history; rule_fidelity=full; rule_evidence=count_matched,Parkinsonism and tremor. decisions: D-08. transformation published: indicator (0/1). transformation retrained: indicator (0/1). Meuhedet mapping status: TO_BE_MAPPED
peptic_ulcer_disease,predictor,yes,yes,integer 0/1 (int8/int64 or bool),0|1,validation: null rejected - absence of a qualifying record must be written as 0 (absent_is_zero); preprocessing: value used as-is in every representation,Peptic ulcer disease,L1_published,true,true,proxy_source=eFI2 Appendix 1 (Best et al. Age Ageing 2025;54:afaf077) — INFERRED proxy for eFalls (spec D-08); proxy_rule_text=† all 5y; window.type=lookback_years; window.years=5; rule_fidelity=full; rule_evidence=count_matched,Peptic ulcer disease. decisions: D-08. transformation published: indicator (0/1). transformation retrained: indicator (0/1). Meuhedet mapping status: TO_BE_MAPPED
peripheral_neuropathy,predictor,yes,yes,integer 0/1 (int8/int64 or bool),0|1,validation: null rejected - absence of a qualifying record must be written as 0 (absent_is_zero); preprocessing: value used as-is in every representation,Peripheral neuropathy,L1_published,true,true,proxy_source=eFI2 Appendix 1 (Best et al. Age Ageing 2025;54:afaf077) — INFERRED proxy for eFalls (spec D-08); proxy_rule_text=none; window.type=complete_history; rule_fidelity=full; rule_evidence=not_checkable,Peripheral neuropathy. decisions: D-08. transformation published: indicator (0/1). transformation retrained: indicator (0/1). Meuhedet mapping status: TO_BE_MAPPED
peripheral_vascular_disease,predictor,yes,yes,integer 0/1 (int8/int64 or bool),0|1,validation: null rejected - absence of a qualifying record must be written as 0 (absent_is_zero); preprocessing: value used as-is in every representation,Peripheral vascular disease,L1_published,true,true,"proxy_source=eFI2 Appendix 1 (Best et al. Age Ageing 2025;54:afaf077) — INFERRED proxy for eFalls (spec D-08); proxy_rule_text=none; window.type=complete_history; rule_fidelity=full; rule_evidence=count_matched; non_code_rule=code OR ABPI < 0.95; non_code_rule_status=IMPL S5/S10; primary codes+measurements; applicability to eFalls UNRESOLVED (Q-02, D-08)",Peripheral vascular disease. decisions: D-08. transformation published: indicator (0/1). transformation retrained: indicator (0/1). Meuhedet mapping status: TO_BE_MAPPED
problems_managing_finances,predictor,yes,yes,integer 0/1 (int8/int64 or bool),0|1,validation: null rejected - absence of a qualifying record must be written as 0 (absent_is_zero); preprocessing: value used as-is in every representation,Problems managing finances,L1_published,true,false,proxy_source=eFI2 Appendix 1 (Best et al. Age Ageing 2025;54:afaf077) — INFERRED proxy for eFalls (spec D-08); proxy_rule_text=none; window.type=complete_history; rule_fidelity=full; rule_evidence=not_checkable,Problems managing finances. decisions: D-08. transformation published: indicator (0/1). transformation retrained: indicator (0/1). Meuhedet mapping status: TO_BE_MAPPED
requirement_for_care,predictor,yes,yes,integer 0/1 (int8/int64 or bool),0|1,validation: null rejected - absence of a qualifying record must be written as 0 (absent_is_zero); preprocessing: value used as-is in every representation,Requirement for care,L1_published,true,true,proxy_source=eFI2 Appendix 1 (Best et al. Age Ageing 2025;54:afaf077) — INFERRED proxy for eFalls (spec D-08); proxy_rule_text=none; window.type=complete_history; rule_fidelity=full; rule_evidence=count_matched,Requirement for care. decisions: D-08. transformation published: indicator (0/1). transformation retrained: indicator (0/1). Meuhedet mapping status: TO_BE_MAPPED
respiratory_disease,predictor,yes,yes,integer 0/1 (int8/int64 or bool),0|1,validation: null rejected - absence of a qualifying record must be written as 0 (absent_is_zero); preprocessing: value used as-is in every representation,Respiratory disease,L1_published,true,true,"proxy_source=eFI2 Appendix 1 (Best et al. Age Ageing 2025;54:afaf077) — INFERRED proxy for eFalls (spec D-08); proxy_rule_text=‡ 5y only chronic cough, PE/infarction; window.type=complete_history; rule_fidelity=partial; rule_evidence=count_matched",Respiratory disease. decisions: D-08. transformation published: indicator (0/1). transformation retrained: indicator (0/1). Meuhedet mapping status: TO_BE_MAPPED
seizures,predictor,yes,yes,integer 0/1 (int8/int64 or bool),0|1,validation: null rejected - absence of a qualifying record must be written as 0 (absent_is_zero); preprocessing: value used as-is in every representation,Seizures,L1_published,true,true,proxy_source=eFI2 Appendix 1 (Best et al. Age Ageing 2025;54:afaf077) — INFERRED proxy for eFalls (spec D-08); proxy_rule_text=none; window.type=complete_history; rule_fidelity=full; rule_evidence=count_matched,Seizures. decisions: D-08. transformation published: indicator (0/1). transformation retrained: indicator (0/1). Meuhedet mapping status: TO_BE_MAPPED
self_harm,predictor,yes,yes,integer 0/1 (int8/int64 or bool),0|1,validation: null rejected - absence of a qualifying record must be written as 0 (absent_is_zero); preprocessing: value used as-is in every representation,Self-harm,L1_published,true,true,proxy_source=eFI2 Appendix 1 (Best et al. Age Ageing 2025;54:afaf077) — INFERRED proxy for eFalls (spec D-08); proxy_rule_text=† all 5y; window.type=lookback_years; window.years=5; rule_fidelity=full; rule_evidence=count_matched,Self-harm. decisions: D-08. transformation published: indicator (0/1). transformation retrained: indicator (0/1). Meuhedet mapping status: TO_BE_MAPPED
severe_mental_illness,predictor,yes,yes,integer 0/1 (int8/int64 or bool),0|1,validation: null rejected - absence of a qualifying record must be written as 0 (absent_is_zero); preprocessing: value used as-is in every representation,Severe mental illness,L1_published,true,true,proxy_source=eFI2 Appendix 1 (Best et al. Age Ageing 2025;54:afaf077) — INFERRED proxy for eFalls (spec D-08); proxy_rule_text=none; window.type=complete_history; rule_fidelity=full; rule_evidence=not_checkable,Severe mental illness. decisions: D-08. transformation published: indicator (0/1). transformation retrained: indicator (0/1). Meuhedet mapping status: TO_BE_MAPPED
shopping_problems,predictor,yes,yes,integer 0/1 (int8/int64 or bool),0|1,validation: null rejected - absence of a qualifying record must be written as 0 (absent_is_zero); preprocessing: value used as-is in every representation,Shopping problems,L1_published,true,false,proxy_source=eFI2 Appendix 1 (Best et al. Age Ageing 2025;54:afaf077) — INFERRED proxy for eFalls (spec D-08); proxy_rule_text=NOT LISTED in eFI2 App1; window.type=complete_history; rule_fidelity=none; rule_evidence=not_checkable,Shopping problems. decisions: D-08. transformation published: indicator (0/1). transformation retrained: indicator (0/1). Meuhedet mapping status: TO_BE_MAPPED
skin_ulcer,predictor,yes,yes,integer 0/1 (int8/int64 or bool),0|1,validation: null rejected - absence of a qualifying record must be written as 0 (absent_is_zero); preprocessing: value used as-is in every representation,Skin ulcer,L1_published,true,true,proxy_source=eFI2 Appendix 1 (Best et al. Age Ageing 2025;54:afaf077) — INFERRED proxy for eFalls (spec D-08); proxy_rule_text=none; window.type=complete_history; rule_fidelity=full; rule_evidence=count_matched,Skin ulcer. decisions: D-08. transformation published: indicator (0/1). transformation retrained: indicator (0/1). Meuhedet mapping status: TO_BE_MAPPED
sleep_problems,predictor,yes,yes,integer 0/1 (int8/int64 or bool),0|1,validation: null rejected - absence of a qualifying record must be written as 0 (absent_is_zero); preprocessing: value used as-is in every representation,Sleep problems,L1_published,true,true,proxy_source=eFI2 Appendix 1 (Best et al. Age Ageing 2025;54:afaf077) — INFERRED proxy for eFalls (spec D-08); proxy_rule_text=† all 5y; window.type=lookback_years; window.years=5; rule_fidelity=full; rule_evidence=not_checkable,Sleep problems. decisions: D-08. transformation published: indicator (0/1). transformation retrained: indicator (0/1). Meuhedet mapping status: TO_BE_MAPPED
social_vulnerability,predictor,yes,yes,integer 0/1 (int8/int64 or bool),0|1,validation: null rejected - absence of a qualifying record must be written as 0 (absent_is_zero); preprocessing: value used as-is in every representation,Social vulnerability,L1_published,true,true,proxy_source=eFI2 Appendix 1 (Best et al. Age Ageing 2025;54:afaf077) — INFERRED proxy for eFalls (spec D-08); proxy_rule_text=‡ 5y only widowed/bereavement/loneliness; window.type=complete_history; rule_fidelity=partial; rule_evidence=not_checkable,Social vulnerability. decisions: D-08. transformation published: indicator (0/1). transformation retrained: indicator (0/1). Meuhedet mapping status: TO_BE_MAPPED
stress,predictor,yes,yes,integer 0/1 (int8/int64 or bool),0|1,validation: null rejected - absence of a qualifying record must be written as 0 (absent_is_zero); preprocessing: value used as-is in every representation,Stress,L1_published,true,true,proxy_source=eFI2 Appendix 1 (Best et al. Age Ageing 2025;54:afaf077) — INFERRED proxy for eFalls (spec D-08); proxy_rule_text=† all 5y; window.type=lookback_years; window.years=5; rule_fidelity=full; rule_evidence=not_checkable,Stress. decisions: D-08. transformation published: indicator (0/1). transformation retrained: indicator (0/1). Meuhedet mapping status: TO_BE_MAPPED
stroke,predictor,yes,yes,integer 0/1 (int8/int64 or bool),0|1,validation: null rejected - absence of a qualifying record must be written as 0 (absent_is_zero); preprocessing: value used as-is in every representation,Stroke,L1_published,true,true,proxy_source=eFI2 Appendix 1 (Best et al. Age Ageing 2025;54:afaf077) — INFERRED proxy for eFalls (spec D-08); proxy_rule_text=none; window.type=complete_history; rule_fidelity=full; rule_evidence=count_matched,Stroke. decisions: D-08. transformation published: indicator (0/1). transformation retrained: indicator (0/1). Meuhedet mapping status: TO_BE_MAPPED
thyroid_problems,predictor,yes,yes,integer 0/1 (int8/int64 or bool),0|1,validation: null rejected - absence of a qualifying record must be written as 0 (absent_is_zero); preprocessing: value used as-is in every representation,Thyroid problems,L1_published,true,true,"proxy_source=eFI2 Appendix 1 (Best et al. Age Ageing 2025;54:afaf077) — INFERRED proxy for eFalls (spec D-08); proxy_rule_text=none; window.type=complete_history; rule_fidelity=full; rule_evidence=not_checkable; non_code_rule=code OR TSH < 0.36 or > 5.5 mU/L; non_code_rule_status=IMPL S5/S10; primary codes+measurements; applicability to eFalls UNRESOLVED (Q-02, D-08)",Thyroid problems. decisions: D-08. transformation published: indicator (0/1). transformation retrained: indicator (0/1). Meuhedet mapping status: TO_BE_MAPPED
toileting_problems,predictor,yes,yes,integer 0/1 (int8/int64 or bool),0|1,validation: null rejected - absence of a qualifying record must be written as 0 (absent_is_zero); preprocessing: value used as-is in every representation,Toileting problems,L1_published,true,false,proxy_source=eFI2 Appendix 1 (Best et al. Age Ageing 2025;54:afaf077) — INFERRED proxy for eFalls (spec D-08); proxy_rule_text=none; window.type=complete_history; rule_fidelity=full; rule_evidence=not_checkable,Toileting problems. decisions: D-08. transformation published: indicator (0/1). transformation retrained: indicator (0/1). Meuhedet mapping status: TO_BE_MAPPED
transient_ischaemic_attack,predictor,yes,yes,integer 0/1 (int8/int64 or bool),0|1,validation: null rejected - absence of a qualifying record must be written as 0 (absent_is_zero); preprocessing: value used as-is in every representation,Transient ischaemic attack,L1_published,true,false,proxy_source=eFI2 Appendix 1 (Best et al. Age Ageing 2025;54:afaf077) — INFERRED proxy for eFalls (spec D-08); proxy_rule_text=none; window.type=complete_history; rule_fidelity=full; rule_evidence=count_matched,Transient ischaemic attack. decisions: D-08. transformation published: indicator (0/1). transformation retrained: indicator (0/1). Meuhedet mapping status: TO_BE_MAPPED
urinary_incontinence,predictor,yes,yes,integer 0/1 (int8/int64 or bool),0|1,validation: null rejected - absence of a qualifying record must be written as 0 (absent_is_zero); preprocessing: value used as-is in every representation,Urinary incontinence,L1_published,true,true,proxy_source=eFI2 Appendix 1 (Best et al. Age Ageing 2025;54:afaf077) — INFERRED proxy for eFalls (spec D-08); proxy_rule_text=α age>=55; window.type=complete_history; age_at_record_min=55; rule_fidelity=full; rule_evidence=not_checkable,Urinary incontinence. decisions: D-08. transformation published: indicator (0/1). transformation retrained: indicator (0/1). Meuhedet mapping status: TO_BE_MAPPED
urinary_system_disease,predictor,yes,yes,integer 0/1 (int8/int64 or bool),0|1,validation: null rejected - absence of a qualifying record must be written as 0 (absent_is_zero); preprocessing: value used as-is in every representation,Urinary system disease,L1_published,true,true,"proxy_source=eFI2 Appendix 1 (Best et al. Age Ageing 2025;54:afaf077) — INFERRED proxy for eFalls (spec D-08); proxy_rule_text=‡ 5y except TURP, catheter, cystitis, detrusor instability, retention, BPH; window.type=complete_history; rule_fidelity=partial; rule_evidence=not_checkable",Urinary system disease. decisions: D-08. transformation published: indicator (0/1). transformation retrained: indicator (0/1). Meuhedet mapping status: TO_BE_MAPPED
visual_impairment,predictor,yes,yes,integer 0/1 (int8/int64 or bool),0|1,validation: null rejected - absence of a qualifying record must be written as 0 (absent_is_zero); preprocessing: value used as-is in every representation,Visual impairment,L1_published,true,true,proxy_source=eFI2 Appendix 1 (Best et al. Age Ageing 2025;54:afaf077) — INFERRED proxy for eFalls (spec D-08); proxy_rule_text=none; window.type=complete_history; rule_fidelity=full; rule_evidence=not_checkable,Visual impairment. decisions: D-08. transformation published: indicator (0/1). transformation retrained: indicator (0/1). Meuhedet mapping status: TO_BE_MAPPED
washing_and_bathing,predictor,yes,yes,integer 0/1 (int8/int64 or bool),0|1,validation: null rejected - absence of a qualifying record must be written as 0 (absent_is_zero); preprocessing: value used as-is in every representation,Washing and bathing,L1_published,true,true,proxy_source=eFI2 Appendix 1 (Best et al. Age Ageing 2025;54:afaf077) — INFERRED proxy for eFalls (spec D-08); proxy_rule_text=none; window.type=complete_history; rule_fidelity=full; rule_evidence=not_checkable,Washing and bathing. decisions: D-08. transformation published: indicator (0/1). transformation retrained: indicator (0/1). Meuhedet mapping status: TO_BE_MAPPED
weakness,predictor,yes,yes,integer 0/1 (int8/int64 or bool),0|1,validation: null rejected - absence of a qualifying record must be written as 0 (absent_is_zero); preprocessing: value used as-is in every representation,Weakness,L1_published,true,true,proxy_source=eFI2 Appendix 1 (Best et al. Age Ageing 2025;54:afaf077) — INFERRED proxy for eFalls (spec D-08); proxy_rule_text=† all 5y; window.type=lookback_years; window.years=5; rule_fidelity=full; rule_evidence=not_checkable,Weakness. decisions: D-08. transformation published: indicator (0/1). transformation retrained: indicator (0/1). Meuhedet mapping status: TO_BE_MAPPED
weight_loss,predictor,yes,yes,integer 0/1 (int8/int64 or bool),0|1,validation: null rejected - absence of a qualifying record must be written as 0 (absent_is_zero); preprocessing: value used as-is in every representation,Weight loss,L1_published,true,true,proxy_source=eFI2 Appendix 1 (Best et al. Age Ageing 2025;54:afaf077) — INFERRED proxy for eFalls (spec D-08); proxy_rule_text=‡ 5y only appetite loss; window.type=complete_history; rule_fidelity=partial; rule_evidence=count_matched,Weight loss. decisions: D-08. transformation published: indicator (0/1). transformation retrained: indicator (0/1). Meuhedet mapping status: TO_BE_MAPPED
practice_id,optional_metadata,no,no,"string, nullable",,validation: null allowed; not a predictor,,,,,,role cluster; only needed when an experiment config names it (e.g. a cluster column for heterogeneity or IECV); never used as a predictor
deprivation_group,optional_metadata,no,no,"string, nullable",,validation: null allowed; not a predictor,,,,,,role cluster; only needed when an experiment config names it (e.g. a cluster column for heterogeneity or IECV); never used as a predictor
site_id,optional_metadata,no,no,"string, nullable",,validation: null allowed; not a predictor,,,,,,role cluster; only needed when an experiment config names it (e.g. a cluster column for heterogeneity or IECV); never used as a predictor
death_date,optional_metadata,no,no,"date, nullable (datetime64; CSV YYYY-MM-DD or empty)",,validation: null allowed; not a predictor,,,,,,role metadata; only needed when an experiment config names it (e.g. a cluster column for heterogeneity or IECV); never used as a predictor
followup_end_date,optional_metadata,no,no,"date, nullable (datetime64; CSV YYYY-MM-DD or empty)",,validation: null allowed; not a predictor,,,,,,role metadata; only needed when an experiment config names it (e.g. a cluster column for heterogeneity or IECV); never used as a predictor
